Workbook

Sheet 보고서_읽기
A1: 항목 | B1: 정의·사용범위
A2: 구성 | B2: 19장:요약·결론1장+자사전사/채널1장+시장17장. 기존시장흐름과공식통계원값보존
A3: 최신동기 | B3: 검색·자사:2026.10.1~19 vs2025.10.1~19. 2025.10의역사적월점은원래대로완전월(1~31)
A4: 검색정의 | B4: Naver_Groups/Daily/Monthly. 일별원지수→묶음별관측최고일100→월일평균. 검색건수/판매량/선호율아님
A5: 언급정의 | B5: Some_Display_9M만본문표시:2026.1~9완전월. SOME_Archive20의10월1~20부분월은보존만하며19일로추정하지않음
A6: 회사정의 | B6: Company_Daily_Audit/Monthly_4Ch/Windows. 첨부전사POS집계범위·전체점기준. 동일점성장이나브랜드별전체모집단을검증한결과아님
A7: TC복원 | B7: 원본전사매출로우J열은SUMIFS(원TC)/1.1. ×1.1을복원하여실제전표건수사용. 할인/반품새정의를임의추가하지않음
A8: VAT복원 | B8: 원본I열은실매출SUMIFS/1.1로표제VAT포함과혼재. 보고용금액은VAT포함으로통일;채널별금액정의는구분
A9: 잔차 | B9: 2026.7.18 전체합계와내점+포장+배달합에1건/7,700원차이. 원인미확정;원본전체합계를유지하고임의분배하지않음
A10: 범위차이 | B10: 시장온라인음식서비스거래와자사POS배달은다른범위. +1.4%p초과성장·시장점유율·가격인하인과를주장하지않음
A11: 가격/상품 | B11: 물가는지수,상품객단가는동일메뉴판가가아님. 원료·주요품목출고를소비자SKU판매로임의대체하지않음
A12: 공식자료 | B12: Market_Official_Charts에기존공식통계66점을단위·시리즈·출처URL과함께보존. Official_POS는9품목×21개월소매표본원값
... A14: 원본보존 | B14: 243MB첨부원본은변경하지않음. 본파일은가벼운원자료·산식·검증백업이며원영수증재분류본이아님

Sheet README
A1: Topic | B1: Evidence statement
A2: Purpose | B2: Compact supporting evidence workbook only; no PPT/shared schema edited.
A3: Naver | B3: 51 groups, daily through 2026-10-19; 2026 Oct 1–19 vs 2025 Oct 1–19; 2025 Oct chart point full 31 days.
A4: Company | B4: Supplied POS scope, not same-store. Source I/J retained; correct gross=ROUND(I*1.1), TC=ROUND(J*1.1).
A5: Residual | B5: 2026-07-18 total differs from 3 channels by 1 receipt/KRW 7,700; original total retained.
A6: Some | B6: Captured through Oct20, archive-only and not recomputed to Oct19. Jan–Sep display series only.
A7: Formula status | B7: Formulas stored but Excel-engine recalculation not performed.

Sheet Sources_Rules
A1: Source | B1: Reference / period | C1: Method / limitation
A2: Naver | B2: UPDATED19_market_model.json; 2024-01-01..2026-10-19 | C2: raw/group max*100; daily-average months; no cross-group volume comparison
A3: Official POS | B3: market model POS records, latest Sep2026 | C3: kg/calendar days; selected published scope only
A4: Some | B4: market model brand_records, capture Oct20 | C4: archive only; Oct excluded from aligned display
A5: Company | B5: C:\Users\황윤정\.aside\u\0\sessions\2026-10-19_59qkcBsefiHoVjeR\artifacts\모니터링_데이터\20261022_attached_company_daily_checked.csv; 1,023 days | C5: cached I/J recovery, not store/SKU reprocessing
A6: Review | B6: C:\Users\황윤정\.aside\u\0\sessions\2026-10-19_59qkcBsefiHoVjeR\artifacts\모니터링_데이터\20261022_attached_company_aggregate_review.json | C6: provided aggregate review
A7: Prior | B7: 2026_외식시장_일평균_근거통합_20261021.xlsx | C7: reference only; new compact workbook
A8: Official charts | B8: Market_Official_Charts:66preservedpoints | C8: KOSISproduction/online/CPIandMobileIndexMAU/paymentunitsseparate
A9: Some display | B9: Some_Display_9M:99fullmonths | C9: JanSep3channels;archive10/20notusedas19daydata
A10: 공표상태 | B10: 2026.7~8월 생산지수/온라인거래 최근2개월 잠정(p) | C10: 공식자료원값·잠정표기보존;차기공표시수정가능

Sheet Naver_Groups
A1: ID | B1: Label | C1: Domain | D1: Keywords | E1: Raw max | F1: Source | G1: Latest | H1: 2026Oct days | I1: 2025Oct chart days
A2: NV_XC01 | B2: 튀김·후라이드 | C2: 치킨 | D2: 후라이드치킨 | 후라이드 치킨 | 프라이드치킨 | 프라이드 치킨 | 황금올리브치킨 | 보드람 후라이드 | 씬 후라이드 | E2: 100 | F2: C:\Users\황윤정\.aside\u\0\sessions\2026-10-19_59qkcBsefiHoVjeR\artifacts\일평균개편_원자료\Naver_batch_01.xlsx | G2: 2026-10-19 | H2: 19 | I2: 31
A3: NV_XC02 | B3: 양념 | C3: 치킨 | D3: 양념치킨 | 양념 치킨 | 양념통닭 | 페리카나 양념치킨 | 양념히어로 | 맘스양념치킨 | E3: 16.01085 | F3: C:\Users\황윤정\.aside\u\0\sessions\2026-10-19_59qkcBsefiHoVjeR\artifacts\일평균개편_원자료\Naver_batch_01.xlsx | G3: 2026-10-19 | H3: 19 | I3: 31
A4: NV_XC03 | B4: 간장 | C4: 치킨 | D4: 간장치킨 | 간장 치킨 | 소이 치킨 | soy chicken | 간지치킨 | 교촌오리지날 | 골드킹 | E4: 31.31313 | F4: C:\Users\황윤정\.aside\u\0\sessions\2026-10-19_59qkcBsefiHoVjeR\artifacts\일평균개편_원자료\Naver_batch_01.xlsx | G4: 2026-10-19 | H4: 19 | I4: 31
A5: NV_XC04 | B5: 파·파닭 | C5: 치킨 | D5: 파닭 | 파닭치킨 | 대파 치킨 | 파채 치킨 | 오리엔탈파닭 | 허니마늘파닭 | 대파 간장 치킨 | E5: 10.86989 | F5: C:\Users\황윤정\.aside\u\0\sessions\2026-10-19_59qkcBsefiHoVjeR\artifacts\일평균개편_원자료\Naver_batch_01.xlsx | G5: 2026-10-19 | H5: 19 | I5: 31
A6: NV_XC05 | B6: 마늘·갈릭 | C6: 치킨 | D6: 마늘치킨 | 마늘 치킨 | 갈릭치킨 | 갈릭 치킨 | garlic chicken | 갈릭 인 더 딥 | 남해마늘바사삭 | 간장마늘치킨 | E6: 31.44881 | F6: C:\Users\황윤정\.aside\u\0\sessions\2026-10-19_59qkcBsefiHoVjeR\artifacts\일평균개편_원자료\Naver_batch_01.xlsx | G6: 2026-10-19 | H6: 19 | I6: 31
A7: NV_XC06 | B7: 닭강정 | C7: 치킨 | D7: 닭강정 | 순살강정 | 치킨강정 | 네네순살닭강정 | 케이준떡강정 | 강정파튀 | E7: 100 | F7: C:\Users\황윤정\.aside\u\0\sessions\2026-10-19_59qkcBsefiHoVjeR\artifacts\일평균개편_원자료\Naver_batch_02_corrected.xlsx | G7: 2026-10-19 | H7: 19 | I7: 31
A8: NV_XC07 | B8: 오븐·베이크·로스트 | C8: 치킨 | D8: 오븐치킨 | 치킨 오븐구이 | 베이크 치킨 | 로스트 치킨 | 구운치킨 | 땅땅불갈비 | 굽네치킨 오리지널 | 오븐바사삭 | E8: 0.65363 | F8: C:\Users\황윤정\.aside\u\0\sessions\2026-10-19_59qkcBsefiHoVjeR\artifacts\일평균개편_원자료\Naver_batch_02_corrected.xlsx | G8: 2026-10-19 | H8: 19 | I8: 31
A9: NV_XC08 | B9: 닭발·부산물 | C9: 치킨 | D9: 닭발 | 무뼈닭발 | 닭발튀김 | 스크림양념닭발튀김 | 호식이두마리치킨 닭발 튀김 | 닭치고 닭발 | E9: 2.02732 | F9: C:\Users\황윤정\.aside\u\0\sessions\2026-10-19_59qkcBsefiHoVjeR\artifacts\일평균개편_원자료\Naver_batch_02_corrected.xlsx | G9: 2026-10-19 | H9: 19 | I9: 31
A10: NV_XC09 | B10: 불닭 | C10: 치킨 | D10: 불닭치킨 | 불닭 치킨 | 땅땅치킨 불닭 | E10: 0.03178 | F10: C:\Users\황윤정\.aside\u\0\sessions\2026-10-19_59qkcBsefiHoVjeR\artifacts\일평균개편_원자료\Naver_batch_02_corrected.xlsx | G10: 2026-10-19 | H10: 19 | I10: 31
A11: NV_XC10 | B11: 전기구이 | C11: 치킨 | D11: 전기구이통닭 | 전기통닭 | 치킨 전기구이 | 통닭 전기구이 | 청양크림 화계구이 | 마늘전기구이 | 오리지널 화계구이 | E11: 0.425 | F11: C:\Users\황윤정\.aside\u\0\sessions\2026-10-19_59qkcBsefiHoVjeR\artifacts\일평균개편_원자료\Naver_batch_02_corrected.xlsx | G11: 2026-10-19 | H11: 19 | I11: 31
A12: NV_XC11 | B12: 시즈닝·분말 | C12: 치킨 | D12: 시즈닝치킨 | 시즈닝 치킨 | 분말 치킨 | 가루 치킨 | 치킨 시즈닝 | 뿌링클 | 콘소메이징 | 치즈뿌치 체다 | E12: 100 | F12: C:\Users\황윤정\.aside\u\0\sessions\2026-10-19_59qkcBsefiHoVjeR\artifacts\일평균개편_원자료\Naver_batch_03.xlsx | G12: 2026-10-19 | H12: 19 | I12: 31
A13: NV_XC12 | B13: 순살·발골 | C13: 치킨 | D13: 순살치킨 | 순살 치킨 | boneless chicken | 순살 후라이드 | 허니팝 순살치킨 | 갓빠삭치킨 순살 | E13: 4.42121 | F13: C:\Users\황윤정\.aside\u\0\sessions\2026-10-19_59qkcBsefiHoVjeR\artifacts\일평균개편_원자료\Naver_batch_03.xlsx | G13: 2026-10-19 | H13: 19 | I13: 31
... A52: NV_BG_BREAST | B52: 가슴살버거 | C52: 버거 | D52: 가슴살버거 | 가슴살 버거 | 닭가슴살버거 | 닭가슴살 버거 | E52: 100 | F52: C:\Users\황윤정\.aside\u\0\sessions\2026-10-19_59qkcBsefiHoVjeR\artifacts\일평균개편_원자료\Naver_batch_11.xlsx | G52: 2026-10-19 | H52: 19 | I52: 31

Sheet Naver_Daily
A1: Group | B1: Date | C1: Raw input | D1: Normalized formula | E1: Source
A2: NV_XC01 | B2: 45292 | C2: 11.14126 | D2: =IFERROR(C2/VLOOKUP(A2,'Naver_Groups'!$A$2:$E$52,5,FALSE)*100,0) | E2: UPDATED19 model
A3: NV_XC01 | B3: 45293 | C3: 8.44263 | D3: =IFERROR(C3/VLOOKUP(A3,'Naver_Groups'!$A$2:$E$52,5,FALSE)*100,0) | E3: UPDATED19 model
A4: NV_XC01 | B4: 45294 | C4: 7.94512 | D4: =IFERROR(C4/VLOOKUP(A4,'Naver_Groups'!$A$2:$E$52,5,FALSE)*100,0) | E4: UPDATED19 model
A5: NV_XC01 | B5: 45295 | C5: 8.68385 | D5: =IFERROR(C5/VLOOKUP(A5,'Naver_Groups'!$A$2:$E$52,5,FALSE)*100,0) | E5: UPDATED19 model
A6: NV_XC01 | B6: 45296 | C6: 10.7342 | D6: =IFERROR(C6/VLOOKUP(A6,'Naver_Groups'!$A$2:$E$52,5,FALSE)*100,0) | E6: UPDATED19 model
A7: NV_XC01 | B7: 45297 | C7: 11.62369 | D7: =IFERROR(C7/VLOOKUP(A7,'Naver_Groups'!$A$2:$E$52,5,FALSE)*100,0) | E7: UPDATED19 model
A8: NV_XC01 | B8: 45298 | C8: 12.3172 | D8: =IFERROR(C8/VLOOKUP(A8,'Naver_Groups'!$A$2:$E$52,5,FALSE)*100,0) | E8: UPDATED19 model
A9: NV_XC01 | B9: 45299 | C9: 7.37222 | D9: =IFERROR(C9/VLOOKUP(A9,'Naver_Groups'!$A$2:$E$52,5,FALSE)*100,0) | E9: UPDATED19 model
A10: NV_XC01 | B10: 45300 | C10: 8.3974 | D10: =IFERROR(C10/VLOOKUP(A10,'Naver_Groups'!$A$2:$E$52,5,FALSE)*100,0) | E10: UPDATED19 model
A11: NV_XC01 | B11: 45301 | C11: 9.19644 | D11: =IFERROR(C11/VLOOKUP(A11,'Naver_Groups'!$A$2:$E$52,5,FALSE)*100,0) | E11: UPDATED19 model
A12: NV_XC01 | B12: 45302 | C12: 8.18634 | D12: =IFERROR(C12/VLOOKUP(A12,'Naver_Groups'!$A$2:$E$52,5,FALSE)*100,0) | E12: UPDATED19 model
A13: NV_XC01 | B13: 45303 | C13: 10.91512 | D13: =IFERROR(C13/VLOOKUP(A13,'Naver_Groups'!$A$2:$E$52,5,FALSE)*100,0) | E13: UPDATED19 model
... A52174: NV_BG_BREAST | B52174: 46314 | C52174: 0 | D52174: =IFERROR(C52174/VLOOKUP(A52174,'Naver_Groups'!$A$2:$E$52,5,FALSE)*100,0) | E52174: UPDATED19 model

Sheet Naver_Monthly
A1: Group | B1: Label | C1: Month | D1: Start | E1: End | F1: Days | G1: Prior start | H1: Prior end | I1: Prior days | J1: Model mean | K1: Model prior | L1: Model YoY | M1: Formula mean | N1: Formula prior | O1: Formula YoY | P1: Note
A2: NV_XC01 | B2: 튀김·후라이드 | C2: 2025-01 | D2: 45658 | E2: 45688 | F2: 31 | G2: 45292 | H2: 45322 | I2: 31 | J2: 9.6983261 | K2: 10.065017 | L2: -0.036432194 | M2: =AVERAGEIFS('Naver_Daily'!$D$2:$D$52174,'Naver_Daily'!$A$2:$A$52174,A2,'Naver_Daily'!$B$2:$B$52174,">="&D2,'Naver_Daily'!$B$2:$B$52174,"<="&E2) | N2: =AVERAGEIFS('Naver_Daily'!$D$2:$D$52174,'Naver_Daily'!$A$2:$A$52174,A2,'Naver_Daily'!$B$2:$B$52174,">="&G2,'Naver_Daily'!$B$2:$B$52174,"<="&H2) | O2: =IFERROR(M2/N2-1,"") | P2: Full month
A3: NV_XC01 | B3: 튀김·후라이드 | C3: 2025-02 | D3: 45689 | E3: 45716 | F3: 28 | G3: 45323 | H3: 45351 | I3: 29 | J3: 8.0641111 | K3: 9.6081717 | L3: -0.16070286 | M3: =AVERAGEIFS('Naver_Daily'!$D$2:$D$52174,'Naver_Daily'!$A$2:$A$52174,A3,'Naver_Daily'!$B$2:$B$52174,">="&D3,'Naver_Daily'!$B$2:$B$52174,"<="&E3) | N3: =AVERAGEIFS('Naver_Daily'!$D$2:$D$52174,'Naver_Daily'!$A$2:$A$52174,A3,'Naver_Daily'!$B$2:$B$52174,">="&G3,'Naver_Daily'!$B$2:$B$52174,"<="&H3) | O3: =IFERROR(M3/N3-1,"") | P3: Full month
A4: NV_XC01 | B4: 튀김·후라이드 | C4: 2025-03 | D4: 45717 | E4: 45747 | F4: 31 | G4: 45352 | H4: 45382 | I4: 31 | J4: 8.6979519 | K4: 9.479479 | L4: -0.082444098 | M4: =AVERAGEIFS('Naver_Daily'!$D$2:$D$52174,'Naver_Daily'!$A$2:$A$52174,A4,'Naver_Daily'!$B$2:$B$52174,">="&D4,'Naver_Daily'!$B$2:$B$52174,"<="&E4) | N4: =AVERAGEIFS('Naver_Daily'!$D$2:$D$52174,'Naver_Daily'!$A$2:$A$52174,A4,'Naver_Daily'!$B$2:$B$52174,">="&G4,'Naver_Daily'!$B$2:$B$52174,"<="&H4) | O4: =IFERROR(M4/N4-1,"") | P4: Full month
A5: NV_XC01 | B5: 튀김·후라이드 | C5: 2025-04 | D5: 45748 | E5: 45777 | F5: 30 | G5: 45383 | H5: 45412 | I5: 30 | J5: 7.4807743 | K5: 8.736615 | L5: -0.14374454 | M5: =AVERAGEIFS('Naver_Daily'!$D$2:$D$52174,'Naver_Daily'!$A$2:$A$52174,A5,'Naver_Daily'!$B$2:$B$52174,">="&D5,'Naver_Daily'!$B$2:$B$52174,"<="&E5) | N5: =AVERAGEIFS('Naver_Daily'!$D$2:$D$52174,'Naver_Daily'!$A$2:$A$52174,A5,'Naver_Daily'!$B$2:$B$52174,">="&G5,'Naver_Daily'!$B$2:$B$52174,"<="&H5) | O5: =IFERROR(M5/N5-1,"") | P5: Full month
A6: NV_XC01 | B6: 튀김·후라이드 | C6: 2025-05 | D6: 45778 | E6: 45808 | F6: 31 | G6: 45413 | H6: 45443 | I6: 31 | J6: 12.396955 | K6: 10.216264 | L6: 0.21345292 | M6: =AVERAGEIFS('Naver_Daily'!$D$2:$D$52174,'Naver_Daily'!$A$2:$A$52174,A6,'Naver_Daily'!$B$2:$B$52174,">="&D6,'Naver_Daily'!$B$2:$B$52174,"<="&E6) | N6: =AVERAGEIFS('Naver_Daily'!$D$2:$D$52174,'Naver_Daily'!$A$2:$A$52174,A6,'Naver_Daily'!$B$2:$B$52174,">="&G6,'Naver_Daily'!$B$2:$B$52174,"<="&H6) | O6: =IFERROR(M6/N6-1,"") | P6: Full month
A7: NV_XC01 | B7: 튀김·후라이드 | C7: 2025-06 | D7: 45809 | E7: 45838 | F7: 30 | G7: 45444 | H7: 45473 | I7: 30 | J7: 8.298904 | K7: 10.30805 | L7: -0.19491036 | M7: =AVERAGEIFS('Naver_Daily'!$D$2:$D$52174,'Naver_Daily'!$A$2:$A$52174,A7,'Naver_Daily'!$B$2:$B$52174,">="&D7,'Naver_Daily'!$B$2:$B$52174,"<="&E7) | N7: =AVERAGEIFS('Naver_Daily'!$D$2:$D$52174,'Naver_Daily'!$A$2:$A$52174,A7,'Naver_Daily'!$B$2:$B$52174,">="&G7,'Naver_Daily'!$B$2:$B$52174,"<="&H7) | O7: =IFERROR(M7/N7-1,"") | P7: Full month
A8: NV_XC01 | B8: 튀김·후라이드 | C8: 2025-07 | D8: 45839 | E8: 45869 | F8: 31 | G8: 45474 | H8: 45504 | I8: 31 | J8: 9.2883529 | K8: 9.3525477 | L8: -0.0068638878 | M8: =AVERAGEIFS('Naver_Daily'!$D$2:$D$52174,'Naver_Daily'!$A$2:$A$52174,A8,'Naver_Daily'!$B$2:$B$52174,">="&D8,'Naver_Daily'!$B$2:$B$52174,"<="&E8) | N8: =AVERAGEIFS('Naver_Daily'!$D$2:$D$52174,'Naver_Daily'!$A$2:$A$52174,A8,'Naver_Daily'!$B$2:$B$52174,">="&G8,'Naver_Daily'!$B$2:$B$52174,"<="&H8) | O8: =IFERROR(M8/N8-1,"") | P8: Full month
A9: NV_XC01 | B9: 튀김·후라이드 | C9: 2025-08 | D9: 45870 | E9: 45900 | F9: 31 | G9: 45505 | H9: 45535 | I9: 31 | J9: 8.8268281 | K9: 9.0996577 | L9: -0.029982411 | M9: =AVERAGEIFS('Naver_Daily'!$D$2:$D$52174,'Naver_Daily'!$A$2:$A$52174,A9,'Naver_Daily'!$B$2:$B$52174,">="&D9,'Naver_Daily'!$B$2:$B$52174,"<="&E9) | N9: =AVERAGEIFS('Naver_Daily'!$D$2:$D$52174,'Naver_Daily'!$A$2:$A$52174,A9,'Naver_Daily'!$B$2:$B$52174,">="&G9,'Naver_Daily'!$B$2:$B$52174,"<="&H9) | O9: =IFERROR(M9/N9-1,"") | P9: Full month
A10: NV_XC01 | B10: 튀김·후라이드 | C10: 2025-09 | D10: 45901 | E10: 45930 | F10: 30 | G10: 45536 | H10: 45565 | I10: 30 | J10: 7.8908447 | K10: 10.110553 | L10: -0.21954371 | M10: =AVERAGEIFS('Naver_Daily'!$D$2:$D$52174,'Naver_Daily'!$A$2:$A$52174,A10,'Naver_Daily'!$B$2:$B$52174,">="&D10,'Naver_Daily'!$B$2:$B$52174,"<="&E10) | N10: =AVERAGEIFS('Naver_Daily'!$D$2:$D$52174,'Naver_Daily'!$A$2:$A$52174,A10,'Naver_Daily'!$B$2:$B$52174,">="&G10,'Naver_Daily'!$B$2:$B$52174,"<="&H10) | O10: =IFERROR(M10/N10-1,"") | P10: Full month
A11: NV_XC01 | B11: 튀김·후라이드 | C11: 2025-10 | D11: 45931 | E11: 45961 | F11: 31 | G11: 45566 | H11: 45596 | I11: 31 | J11: 7.6800697 | K11: 9.4147977 | L11: -0.18425548 | M11: =AVERAGEIFS('Naver_Daily'!$D$2:$D$52174,'Naver_Daily'!$A$2:$A$52174,A11,'Naver_Daily'!$B$2:$B$52174,">="&D11,'Naver_Daily'!$B$2:$B$52174,"<="&E11) | N11: =AVERAGEIFS('Naver_Daily'!$D$2:$D$52174,'Naver_Daily'!$A$2:$A$52174,A11,'Naver_Daily'!$B$2:$B$52174,">="&G11,'Naver_Daily'!$B$2:$B$52174,"<="&H11) | O11: =IFERROR(M11/N11-1,"") | P11: 2025 Oct chart 31 days
A12: NV_XC01 | B12: 튀김·후라이드 | C12: 2025-11 | D12: 45962 | E12: 45991 | F12: 30 | G12: 45597 | H12: 45626 | I12: 30 | J12: 7.826017 | K12: 8.855214 | L12: -0.11622497 | M12: =AVERAGEIFS('Naver_Daily'!$D$2:$D$52174,'Naver_Daily'!$A$2:$A$52174,A12,'Naver_Daily'!$B$2:$B$52174,">="&D12,'Naver_Daily'!$B$2:$B$52174,"<="&E12) | N12: =AVERAGEIFS('Naver_Daily'!$D$2:$D$52174,'Naver_Daily'!$A$2:$A$52174,A12,'Naver_Daily'!$B$2:$B$52174,">="&G12,'Naver_Daily'!$B$2:$B$52174,"<="&H12) | O12: =IFERROR(M12/N12-1,"") | P12: Full month
A13: NV_XC01 | B13: 튀김·후라이드 | C13: 2025-12 | D13: 45992 | E13: 46022 | F13: 31 | G13: 45627 | H13: 45657 | I13: 31 | J13: 8.3925387 | K13: 10.440947 | L13: -0.19618993 | M13: =AVERAGEIFS('Naver_Daily'!$D$2:$D$52174,'Naver_Daily'!$A$2:$A$52174,A13,'Naver_Daily'!$B$2:$B$52174,">="&D13,'Naver_Daily'!$B$2:$B$52174,"<="&E13) | N13: =AVERAGEIFS('Naver_Daily'!$D$2:$D$52174,'Naver_Daily'!$A$2:$A$52174,A13,'Naver_Daily'!$B$2:$B$52174,">="&G13,'Naver_Daily'!$B$2:$B$52174,"<="&H13) | O13: =IFERROR(M13/N13-1,"") | P13: Full month
... A672: NV_XB05 | B672: 스모키·BBQ | C672: 2025-11 | D672: 45962 | E672: 45991 | F672: 30 | G672: 45597 | H672: 45626 | I672: 30 | J672: 0.45244564 | K672: 0.028635014 | L672: 14.800434 | M672: =AVERAGEIFS('Naver_Daily'!$D$2:$D$52174,'Naver_Daily'!$A$2:$A$52174,A672,'Naver_Daily'!$B$2:$B$52174,">="&D672,'Naver_Daily'!$B$2:$B$52174,"<="&E672) | N672: =AVERAGEIFS('Naver_Daily'!$D$2:$D$52174,'Naver_Daily'!$A$2:$A$52174,A672,'Naver_Daily'!$B$2:$B$52174,">="&G672,'Naver_Daily'!$B$2:$B$52174,"<="&H672) | O672: =IFERROR(M672/N672-1,"") | P672: Full month
A673: NV_XB05 | B673: 스모키·BBQ | C673: 2025-12 | D673: 45992 | E673: 46022 | F673: 31 | G673: 45627 | H673: 45657 | I673: 31 | J673: 0.36579973 | K673: 0 | M673: =AVERAGEIFS('Naver_Daily'!$D$2:$D$52174,'Naver_Daily'!$A$2:$A$52174,A673,'Naver_Daily'!$B$2:$B$52174,">="&D673,'Naver_Daily'!$B$2:$B$52174,"<="&E673) | N673: =AVERAGEIFS('Naver_Daily'!$D$2:$D$52174,'Naver_Daily'!$A$2:$A$52174,A673,'Naver_Daily'!$B$2:$B$52174,">="&G673,'Naver_Daily'!$B$2:$B$52174,"<="&H673) | O673: =IFERROR(M673/N673-1,"") | P673: Full month
A674: NV_XB05 | B674: 스모키·BBQ | C674: 2026-01 | D674: 46023 | E674: 46053 | F674: 31 | G674: 45658 | H674: 45688 | I674: 31 | J674: 0.18844325 | K674: 0.055422608 | L674: 2.4001152 | M674: =AVERAGEIFS('Naver_Daily'!$D$2:$D$52174,'Naver_Daily'!$A$2:$A$52174,A674,'Naver_Daily'!$B$2:$B$52174,">="&D674,'Naver_Daily'!$B$2:$B$52174,"<="&E674) | N674: =AVERAGEIFS('Naver_Daily'!$D$2:$D$52174,'Naver_Daily'!$A$2:$A$52174,A674,'Naver_Daily'!$B$2:$B$52174,">="&G674,'Naver_Daily'!$B$2:$B$52174,"<="&H674) | O674: =IFERROR(M674/N674-1,"") | P674: Full month
A675: NV_XB05 | B675: 스모키·BBQ | C675: 2026-02 | D675: 46054 | E675: 46081 | F675: 28 | G675: 45689 | H675: 45716 | I675: 28 | J675: 0.26999226 | K675: 0.098180517 | L675: 1.7499576 | M675: =AVERAGEIFS('Naver_Daily'!$D$2:$D$52174,'Naver_Daily'!$A$2:$A$52174,A675,'Naver_Daily'!$B$2:$B$52174,">="&D675,'Naver_Daily'!$B$2:$B$52174,"<="&E675) | N675: =AVERAGEIFS('Naver_Daily'!$D$2:$D$52174,'Naver_Daily'!$A$2:$A$52174,A675,'Naver_Daily'!$B$2:$B$52174,">="&G675,'Naver_Daily'!$B$2:$B$52174,"<="&H675) | O675: =IFERROR(M675/N675-1,"") | P675: Full month
A676: NV_XB05 | B676: 스모키·BBQ | C676: 2026-03 | D676: 46082 | E676: 46112 | F676: 31 | G676: 45717 | H676: 45747 | I676: 31 | J676: 0.19953003 | K676: 0.055422608 | L676: 2.6001559 | M676: =AVERAGEIFS('Naver_Daily'!$D$2:$D$52174,'Naver_Daily'!$A$2:$A$52174,A676,'Naver_Daily'!$B$2:$B$52174,">="&D676,'Naver_Daily'!$B$2:$B$52174,"<="&E676) | N676: =AVERAGEIFS('Naver_Daily'!$D$2:$D$52174,'Naver_Daily'!$A$2:$A$52174,A676,'Naver_Daily'!$B$2:$B$52174,">="&G676,'Naver_Daily'!$B$2:$B$52174,"<="&H676) | O676: =IFERROR(M676/N676-1,"") | P676: Full month
A677: NV_XB05 | B677: 스모키·BBQ | C677: 2026-04 | D677: 46113 | E677: 46142 | F677: 30 | G677: 45748 | H677: 45777 | I677: 30 | J677: 0.75599386 | K677: 0 | M677: =AVERAGEIFS('Naver_Daily'!$D$2:$D$52174,'Naver_Daily'!$A$2:$A$52174,A677,'Naver_Daily'!$B$2:$B$52174,">="&D677,'Naver_Daily'!$B$2:$B$52174,"<="&E677) | N677: =AVERAGEIFS('Naver_Daily'!$D$2:$D$52174,'Naver_Daily'!$A$2:$A$52174,A677,'Naver_Daily'!$B$2:$B$52174,">="&G677,'Naver_Daily'!$B$2:$B$52174,"<="&H677) | O677: =IFERROR(M677/N677-1,"") | P677: Full month
A678: NV_XB05 | B678: 스모키·BBQ | C678: 2026-05 | D678: 46143 | E678: 46173 | F678: 31 | G678: 45778 | H678: 45808 | I678: 31 | J678: 0.92005585 | K678: 0 | M678: =AVERAGEIFS('Naver_Daily'!$D$2:$D$52174,'Naver_Daily'!$A$2:$A$52174,A678,'Naver_Daily'!$B$2:$B$52174,">="&D678,'Naver_Daily'!$B$2:$B$52174,"<="&E678) | N678: =AVERAGEIFS('Naver_Daily'!$D$2:$D$52174,'Naver_Daily'!$A$2:$A$52174,A678,'Naver_Daily'!$B$2:$B$52174,">="&G678,'Naver_Daily'!$B$2:$B$52174,"<="&H678) | O678: =IFERROR(M678/N678-1,"") | P678: Full month
A679: NV_XB05 | B679: 스모키·BBQ | C679: 2026-06 | D679: 46174 | E679: 46203 | F679: 30 | G679: 45809 | H679: 45838 | I679: 30 | J679: 0.33790558 | K679: 0 | M679: =AVERAGEIFS('Naver_Daily'!$D$2:$D$52174,'Naver_Daily'!$A$2:$A$52174,A679,'Naver_Daily'!$B$2:$B$52174,">="&D679,'Naver_Daily'!$B$2:$B$52174,"<="&E679) | N679: =AVERAGEIFS('Naver_Daily'!$D$2:$D$52174,'Naver_Daily'!$A$2:$A$52174,A679,'Naver_Daily'!$B$2:$B$52174,">="&G679,'Naver_Daily'!$B$2:$B$52174,"<="&H679) | O679: =IFERROR(M679/N679-1,"") | P679: Full month
A680: NV_XB05 | B680: 스모키·BBQ | C680: 2026-07 | D680: 46204 | E680: 46234 | F680: 31 | G680: 45839 | H680: 45869 | I680: 31 | J680: 0.34362993 | K680: 0.4267676 | L680: -0.19480782 | M680: =AVERAGEIFS('Naver_Daily'!$D$2:$D$52174,'Naver_Daily'!$A$2:$A$52174,A680,'Naver_Daily'!$B$2:$B$52174,">="&D680,'Naver_Daily'!$B$2:$B$52174,"<="&E680) | N680: =AVERAGEIFS('Naver_Daily'!$D$2:$D$52174,'Naver_Daily'!$A$2:$A$52174,A680,'Naver_Daily'!$B$2:$B$52174,">="&G680,'Naver_Daily'!$B$2:$B$52174,"<="&H680) | O680: =IFERROR(M680/N680-1,"") | P680: Full month
A681: NV_XB05 | B681: 스모키·BBQ | C681: 2026-08 | D681: 46235 | E681: 46265 | F681: 31 | G681: 45870 | H681: 45900 | I681: 31 | J681: 0.23278284 | K681: 0.15518668 | L681: 0.50001815 | M681: =AVERAGEIFS('Naver_Daily'!$D$2:$D$52174,'Naver_Daily'!$A$2:$A$52174,A681,'Naver_Daily'!$B$2:$B$52174,">="&D681,'Naver_Daily'!$B$2:$B$52174,"<="&E681) | N681: =AVERAGEIFS('Naver_Daily'!$D$2:$D$52174,'Naver_Daily'!$A$2:$A$52174,A681,'Naver_Daily'!$B$2:$B$52174,">="&G681,'Naver_Daily'!$B$2:$B$52174,"<="&H681) | O681: =IFERROR(M681/N681-1,"") | P681: Full month
A682: NV_XB05 | B682: 스모키·BBQ | C682: 2026-09 | D682: 46266 | E682: 46295 | F682: 30 | G682: 45901 | H682: 45930 | I682: 30 | J682: 32.268026 | K682: 0.44099707 | L682: 72.170614 | M682: =AVERAGEIFS('Naver_Daily'!$D$2:$D$52174,'Naver_Daily'!$A$2:$A$52174,A682,'Naver_Daily'!$B$2:$B$52174,">="&D682,'Naver_Daily'!$B$2:$B$52174,"<="&E682) | N682: =AVERAGEIFS('Naver_Daily'!$D$2:$D$52174,'Naver_Daily'!$A$2:$A$52174,A682,'Naver_Daily'!$B$2:$B$52174,">="&G682,'Naver_Daily'!$B$2:$B$52174,"<="&H682) | O682: =IFERROR(M682/N682-1,"") | P682: Full month
A683: NV_XB05 | B683: 스모키·BBQ | C683: 2026-10 | D683: 46296 | E683: 46314 | F683: 19 | G683: 45931 | H683: 45949 | I683: 19 | J683: 26.514722 | K683: 0.98568531 | L683: 25.899784 | M683: =AVERAGEIFS('Naver_Daily'!$D$2:$D$52174,'Naver_Daily'!$A$2:$A$52174,A683,'Naver_Daily'!$B$2:$B$52174,">="&D683,'Naver_Daily'!$B$2:$B$52174,"<="&E683) | N683: =AVERAGEIFS('Naver_Daily'!$D$2:$D$52174,'Naver_Daily'!$A$2:$A$52174,A683,'Naver_Daily'!$B$2:$B$52174,">="&G683,'Naver_Daily'!$B$2:$B$52174,"<="&H683) | O683: =IFERROR(M683/N683-1,"") | P683: 2026 Oct 1–19 vs 2025 Oct 1–19; 2025 chart full month
A684: NV_XB06 | B684: 크림·마요 | C684: 2025-01 | D684: 45658 | E684: 45688 | F684: 31 | G684: 45292 | H684: 45322 | I684: 31 | J684: 4.4330652 | K684: 4.6942111 | L684: -0.05563148 | M684: =AVERAGEIFS('Naver_Daily'!$D$2:$D$52174,'Naver_Daily'!$A$2:$A$52174,A684,'Naver_Daily'!$B$2:$B$52174,">="&D684,'Naver_Daily'!$B$2:$B$52174,"<="&E684) | N684: =AVERAGEIFS('Naver_Daily'!$D$2:$D$52174,'Naver_Daily'!$A$2:$A$52174,A684,'Naver_Daily'!$B$2:$B$52174,">="&G684,'Naver_Daily'!$B$2:$B$52174,"<="&H684) | O684: =IFERROR(M684/N684-1,"") | P684: Full month
A685: NV_XB06 | B685: 크림·마요 | C685: 2025-02 | D685: 45689 | E685: 45716 | F685: 28 | G685: 45323 | H685: 45351 | I685: 29 | J685: 5.0265346 | K685: 5.1049046 | L685: -0.015351901 | M685: =AVERAGEIFS('Naver_Daily'!$D$2:$D$52174,'Naver_Daily'!$A$2:$A$52174,A685,'Naver_Daily'!$B$2:$B$52174,">="&D685,'Naver_Daily'!$B$2:$B$52174,"<="&E685) | N685: =AVERAGEIFS('Naver_Daily'!$D$2:$D$52174,'Naver_Daily'!$A$2:$A$52174,A685,'Naver_Daily'!$B$2:$B$52174,">="&G685,'Naver_Daily'!$B$2:$B$52174,"<="&H685) | O685: =IFERROR(M685/N685-1,"") | P685: Full month
A686: NV_XB06 | B686: 크림·마요 | C686: 2025-03 | D686: 45717 | E686: 45747 | F686: 31 | G686: 45352 | H686: 45382 | I686: 31 | J686: 4.3859761 | K686: 5.1651343 | L686: -0.15084956 | M686: =AVERAGEIFS('Naver_Daily'!$D$2:$D$52174,'Naver_Daily'!$A$2:$A$52174,A686,'Naver_Daily'!$B$2:$B$52174,">="&D686,'Naver_Daily'!$B$2:$B$52174,"<="&E686) | N686: =AVERAGEIFS('Naver_Daily'!$D$2:$D$52174,'Naver_Daily'!$A$2:$A$52174,A686,'Naver_Daily'!$B$2:$B$52174,">="&G686,'Naver_Daily'!$B$2:$B$52174,"<="&H686) | O686: =IFERROR(M686/N686-1,"") | P686: Full month
A687: NV_XB06 | B687: 크림·마요 | C687: 2025-04 | D687: 45748 | E687: 45777 | F687: 30 | G687: 45383 | H687: 45412 | I687: 30 | J687: 4.7953887 | K687: 5.8526764 | L687: -0.18065031 | M687: =AVERAGEIFS('Naver_Daily'!$D$2:$D$52174,'Naver_Daily'!$A$2:$A$52174,A687,'Naver_Daily'!$B$2:$B$52174,">="&D687,'Naver_Daily'!$B$2:$B$52174,"<="&E687) | N687: =AVERAGEIFS('Naver_Daily'!$D$2:$D$52174,'Naver_Daily'!$A$2:$A$52174,A687,'Naver_Daily'!$B$2:$B$52174,">="&G687,'Naver_Daily'!$B$2:$B$52174,"<="&H687) | O687: =IFERROR(M687/N687-1,"") | P687: Full month
A688: NV_XB06 | B688: 크림·마요 | C688: 2025-05 | D688: 45778 | E688: 45808 | F688: 31 | G688: 45413 | H688: 45443 | I688: 31 | J688: 5.0516841 | K688: 5.6467573 | L688: -0.10538318 | M688: =AVERAGEIFS('Naver_Daily'!$D$2:$D$52174,'Naver_Daily'!$A$2:$A$52174,A688,'Naver_Daily'!$B$2:$B$52174,">="&D688,'Naver_Daily'!$B$2:$B$52174,"<="&E688) | N688: =AVERAGEIFS('Naver_Daily'!$D$2:$D$52174,'Naver_Daily'!$A$2:$A$52174,A688,'Naver_Daily'!$B$2:$B$52174,">="&G688,'Naver_Daily'!$B$2:$B$52174,"<="&H688) | O688: =IFERROR(M688/N688-1,"") | P688: Full month
A689: NV_XB06 | B689: 크림·마요 | C689: 2025-06 | D689: 45809 | E689: 45838 | F689: 30 | G689: 45444 | H689: 45473 | I689: 30 | J689: 15.00331 | K689: 5.470022 | L689: 1.7428245 | M689: =AVERAGEIFS('Naver_Daily'!$D$2:$D$52174,'Naver_Daily'!$A$2:$A$52174,A689,'Naver_Daily'!$B$2:$B$52174,">="&D689,'Naver_Daily'!$B$2:$B$52174,"<="&E689) | N689: =AVERAGEIFS('Naver_Daily'!$D$2:$D$52174,'Naver_Daily'!$A$2:$A$52174,A689,'Naver_Daily'!$B$2:$B$52174,">="&G689,'Naver_Daily'!$B$2:$B$52174,"<="&H689) | O689: =IFERROR(M689/N689-1,"") | P689: Full month
A690: NV_XB06 | B690: 크림·마요 | C690: 2025-07 | D690: 45839 | E690: 45869 | F690: 31 | G690: 45474 | H690: 45504 | I690: 31 | J690: 13.177205 | K690: 5.2871457 | L690: 1.4923098 | M690: =AVERAGEIFS('Naver_Daily'!$D$2:$D$52174,'Naver_Daily'!$A$2:$A$52174,A690,'Naver_Daily'!$B$2:$B$52174,">="&D690,'Naver_Daily'!$B$2:$B$52174,"<="&E690) | N690: =AVERAGEIFS('Naver_Daily'!$D$2:$D$52174,'Naver_Daily'!$A$2:$A$52174,A690,'Naver_Daily'!$B$2:$B$52174,">="&G690,'Naver_Daily'!$B$2:$B$52174,"<="&H690) | O690: =IFERROR(M690/N690-1,"") | P690: Full month
A691: NV_XB06 | B691: 크림·마요 | C691: 2025-08 | D691: 45870 | E691: 45900 | F691: 31 | G691: 45505 | H691: 45535 | I691: 31 | J691: 19.397644 | K691: 5.3320947 | L691: 2.6379031 | M691: =AVERAGEIFS('Naver_Daily'!$D$2:$D$52174,'Naver_Daily'!$A$2:$A$52174,A691,'Naver_Daily'!$B$2:$B$52174,">="&D691,'Naver_Daily'!$B$2:$B$52174,"<="&E691) | N691: =AVERAGEIFS('Naver_Daily'!$D$2:$D$52174,'Naver_Daily'!$A$2:$A$52174,A691,'Naver_Daily'!$B$2:$B$52174,">="&G691,'Naver_Daily'!$B$2:$B$52174,"<="&H691) | O691: =IFERROR(M691/N691-1,"") | P691: Full month
... A705: NV_XB06 | B705: 크림·마요 | C705: 2026-10 | D705: 46296 | E705: 46314 | F705: 19 | G705: 45931 | H705: 45949 | I705: 19 | J705: 12.129355 | K705: 24.485725 | L705: -0.50463566 | M705: =AVERAGEIFS('Naver_Daily'!$D$2:$D$52174,'Naver_Daily'!$A$2:$A$52174,A705,'Naver_Daily'!$B$2:$B$52174,">="&D705,'Naver_Daily'!$B$2:$B$52174,"<="&E705) | N705: =AVERAGEIFS('Naver_Daily'!$D$2:$D$52174,'Naver_Daily'!$A$2:$A$52174,A705,'Naver_Daily'!$B$2:$B$52174,">="&G705,'Naver_Daily'!$B$2:$B$52174,"<="&H705) | O705: =IFERROR(M705/N705-1,"") | P705: 2026 Oct 1–19 vs 2025 Oct 1–19; 2025 chart full month
A706: NV_XB07 | B706: 허니·스위트 | C706: 2025-01 | D706: 45658 | E706: 45688 | F706: 31 | G706: 45292 | H706: 45322 | I706: 31 | J706: 0 | K706: 0 | M706: =AVERAGEIFS('Naver_Daily'!$D$2:$D$52174,'Naver_Daily'!$A$2:$A$52174,A706,'Naver_Daily'!$B$2:$B$52174,">="&D706,'Naver_Daily'!$B$2:$B$52174,"<="&E706) | N706: =AVERAGEIFS('Naver_Daily'!$D$2:$D$52174,'Naver_Daily'!$A$2:$A$52174,A706,'Naver_Daily'!$B$2:$B$52174,">="&G706,'Naver_Daily'!$B$2:$B$52174,"<="&H706) | O706: =IFERROR(M706/N706-1,"") | P706: Full month
A707: NV_XB07 | B707: 허니·스위트 | C707: 2025-02 | D707: 45689 | E707: 45716 | F707: 28 | G707: 45323 | H707: 45351 | I707: 29 | J707: 0 | K707: 0 | M707: =AVERAGEIFS('Naver_Daily'!$D$2:$D$52174,'Naver_Daily'!$A$2:$A$52174,A707,'Naver_Daily'!$B$2:$B$52174,">="&D707,'Naver_Daily'!$B$2:$B$52174,"<="&E707) | N707: =AVERAGEIFS('Naver_Daily'!$D$2:$D$52174,'Naver_Daily'!$A$2:$A$52174,A707,'Naver_Daily'!$B$2:$B$52174,">="&G707,'Naver_Daily'!$B$2:$B$52174,"<="&H707) | O707: =IFERROR(M707/N707-1,"") | P707: Full month
A708: NV_XB07 | B708: 허니·스위트 | C708: 2025-03 | D708: 45717 | E708: 45747 | F708: 31 | G708: 45352 | H708: 45382 | I708: 31 | J708: 0 | K708: 0.009077966 | L708: -1 | M708: =AVERAGEIFS('Naver_Daily'!$D$2:$D$52174,'Naver_Daily'!$A$2:$A$52174,A708,'Naver_Daily'!$B$2:$B$52174,">="&D708,'Naver_Daily'!$B$2:$B$52174,"<="&E708) | N708: =AVERAGEIFS('Naver_Daily'!$D$2:$D$52174,'Naver_Daily'!$A$2:$A$52174,A708,'Naver_Daily'!$B$2:$B$52174,">="&G708,'Naver_Daily'!$B$2:$B$52174,"<="&H708) | O708: =IFERROR(M708/N708-1,"") | P708: Full month
A709: NV_XB07 | B709: 허니·스위트 | C709: 2025-04 | D709: 45748 | E709: 45777 | F709: 30 | G709: 45383 | H709: 45412 | I709: 30 | J709: 0 | K709: 0 | M709: =AVERAGEIFS('Naver_Daily'!$D$2:$D$52174,'Naver_Daily'!$A$2:$A$52174,A709,'Naver_Daily'!$B$2:$B$52174,">="&D709,'Naver_Daily'!$B$2:$B$52174,"<="&E709) | N709: =AVERAGEIFS('Naver_Daily'!$D$2:$D$52174,'Naver_Daily'!$A$2:$A$52174,A709,'Naver_Daily'!$B$2:$B$52174,">="&G709,'Naver_Daily'!$B$2:$B$52174,"<="&H709) | O709: =IFERROR(M709/N709-1,"") | P709: Full month
A710: NV_XB07 | B710: 허니·스위트 | C710: 2025-05 | D710: 45778 | E710: 45808 | F710: 31 | G710: 45413 | H710: 45443 | I710: 31 | J710: 0 | K710: 0 | M710: =AVERAGEIFS('Naver_Daily'!$D$2:$D$52174,'Naver_Daily'!$A$2:$A$52174,A710,'Naver_Daily'!$B$2:$B$52174,">="&D710,'Naver_Daily'!$B$2:$B$52174,"<="&E710) | N710: =AVERAGEIFS('Naver_Daily'!$D$2:$D$52174,'Naver_Daily'!$A$2:$A$52174,A710,'Naver_Daily'!$B$2:$B$52174,">="&G710,'Naver_Daily'!$B$2:$B$52174,"<="&H710) | O710: =IFERROR(M710/N710-1,"") | P710: Full month
A711: NV_XB07 | B711: 허니·스위트 | C711: 2025-06 | D711: 45809 | E711: 45838 | F711: 30 | G711: 45444 | H711: 45473 | I711: 30 | J711: 0 | K711: 0 | M711: =AVERAGEIFS('Naver_Daily'!$D$2:$D$52174,'Naver_Daily'!$A$2:$A$52174,A711,'Naver_Daily'!$B$2:$B$52174,">="&D711,'Naver_Daily'!$B$2:$B$52174,"<="&E711) | N711: =AVERAGEIFS('Naver_Daily'!$D$2:$D$52174,'Naver_Daily'!$A$2:$A$52174,A711,'Naver_Daily'!$B$2:$B$52174,">="&G711,'Naver_Daily'!$B$2:$B$52174,"<="&H711) | O711: =IFERROR(M711/N711-1,"") | P711: Full month
A712: NV_XB07 | B712: 허니·스위트 | C712: 2025-07 | D712: 45839 | E712: 45869 | F712: 31 | G712: 45474 | H712: 45504 | I712: 31 | J712: 0 | K712: 0 | M712: =AVERAGEIFS('Naver_Daily'!$D$2:$D$52174,'Naver_Daily'!$A$2:$A$52174,A712,'Naver_Daily'!$B$2:$B$52174,">="&D712,'Naver_Daily'!$B$2:$B$52174,"<="&E712) | N712: =AVERAGEIFS('Naver_Daily'!$D$2:$D$52174,'Naver_Daily'!$A$2:$A$52174,A712,'Naver_Daily'!$B$2:$B$52174,">="&G712,'Naver_Daily'!$B$2:$B$52174,"<="&H712) | O712: =IFERROR(M712/N712-1,"") | P712: Full month
A713: NV_XB07 | B713: 허니·스위트 | C713: 2025-08 | D713: 45870 | E713: 45900 | F713: 31 | G713: 45505 | H713: 45535 | I713: 31 | J713: 0 | K713: 0 | M713: =AVERAGEIFS('Naver_Daily'!$D$2:$D$52174,'Naver_Daily'!$A$2:$A$52174,A713,'Naver_Daily'!$B$2:$B$52174,">="&D713,'Naver_Daily'!$B$2:$B$52174,"<="&E713) | N713: =AVERAGEIFS('Naver_Daily'!$D$2:$D$52174,'Naver_Daily'!$A$2:$A$52174,A713,'Naver_Daily'!$B$2:$B$52174,">="&G713,'Naver_Daily'!$B$2:$B$52174,"<="&H713) | O713: =IFERROR(M713/N713-1,"") | P713: Full month
A714: NV_XB07 | B714: 허니·스위트 | C714: 2025-09 | D714: 45901 | E714: 45930 | F714: 30 | G714: 45536 | H714: 45565 | I714: 30 | J714: 0 | K714: 0 | M714: =AVERAGEIFS('Naver_Daily'!$D$2:$D$52174,'Naver_Daily'!$A$2:$A$52174,A714,'Naver_Daily'!$B$2:$B$52174,">="&D714,'Naver_Daily'!$B$2:$B$52174,"<="&E714) | N714: =AVERAGEIFS('Naver_Daily'!$D$2:$D$52174,'Naver_Daily'!$A$2:$A$52174,A714,'Naver_Daily'!$B$2:$B$52174,">="&G714,'Naver_Daily'!$B$2:$B$52174,"<="&H714) | O714: =IFERROR(M714/N714-1,"") | P714: Full month
A715: NV_XB07 | B715: 허니·스위트 | C715: 2025-10 | D715: 45931 | E715: 45961 | F715: 31 | G715: 45566 | H715: 45596 | I715: 31 | J715: 0 | K715: 0 | M715: =AVERAGEIFS('Naver_Daily'!$D$2:$D$52174,'Naver_Daily'!$A$2:$A$52174,A715,'Naver_Daily'!$B$2:$B$52174,">="&D715,'Naver_Daily'!$B$2:$B$52174,"<="&E715) | N715: =AVERAGEIFS('Naver_Daily'!$D$2:$D$52174,'Naver_Daily'!$A$2:$A$52174,A715,'Naver_Daily'!$B$2:$B$52174,">="&G715,'Naver_Daily'!$B$2:$B$52174,"<="&H715) | O715: =IFERROR(M715/N715-1,"") | P715: 2025 Oct chart 31 days
A716: NV_XB07 | B716: 허니·스위트 | C716: 2025-11 | D716: 45962 | E716: 45991 | F716: 30 | G716: 45597 | H716: 45626 | I716: 30 | J716: 0 | K716: 0 | M716: =AVERAGEIFS('Naver_Daily'!$D$2:$D$52174,'Naver_Daily'!$A$2:$A$52174,A716,'Naver_Daily'!$B$2:$B$52174,">="&D716,'Naver_Daily'!$B$2:$B$52174,"<="&E716) | N716: =AVERAGEIFS('Naver_Daily'!$D$2:$D$52174,'Naver_Daily'!$A$2:$A$52174,A716,'Naver_Daily'!$B$2:$B$52174,">="&G716,'Naver_Daily'!$B$2:$B$52174,"<="&H716) | O716: =IFERROR(M716/N716-1,"") | P716: Full month
A717: NV_XB07 | B717: 허니·스위트 | C717: 2025-12 | D717: 45992 | E717: 46022 | F717: 31 | G717: 45627 | H717: 45657 | I717: 31 | J717: 0 | K717: 0 | M717: =AVERAGEIFS('Naver_Daily'!$D$2:$D$52174,'Naver_Daily'!$A$2:$A$52174,A717,'Naver_Daily'!$B$2:$B$52174,">="&D717,'Naver_Daily'!$B$2:$B$52174,"<="&E717) | N717: =AVERAGEIFS('Naver_Daily'!$D$2:$D$52174,'Naver_Daily'!$A$2:$A$52174,A717,'Naver_Daily'!$B$2:$B$52174,">="&G717,'Naver_Daily'!$B$2:$B$52174,"<="&H717) | O717: =IFERROR(M717/N717-1,"") | P717: Full month
A718: NV_XB07 | B718: 허니·스위트 | C718: 2026-01 | D718: 46023 | E718: 46053 | F718: 31 | G718: 45658 | H718: 45688 | I718: 31 | J718: 0 | K718: 0 | M718: =AVERAGEIFS('Naver_Daily'!$D$2:$D$52174,'Naver_Daily'!$A$2:$A$52174,A718,'Naver_Daily'!$B$2:$B$52174,">="&D718,'Naver_Daily'!$B$2:$B$52174,"<="&E718) | N718: =AVERAGEIFS('Naver_Daily'!$D$2:$D$52174,'Naver_Daily'!$A$2:$A$52174,A718,'Naver_Daily'!$B$2:$B$52174,">="&G718,'Naver_Daily'!$B$2:$B$52174,"<="&H718) | O718: =IFERROR(M718/N718-1,"") | P718: Full month
A719: NV_XB07 | B719: 허니·스위트 | C719: 2026-02 | D719: 46054 | E719: 46081 | F719: 28 | G719: 45689 | H719: 45716 | I719: 28 | J719: 0 | K719: 0 | M719: =AVERAGEIFS('Naver_Daily'!$D$2:$D$52174,'Naver_Daily'!$A$2:$A$52174,A719,'Naver_Daily'!$B$2:$B$52174,">="&D719,'Naver_Daily'!$B$2:$B$52174,"<="&E719) | N719: =AVERAGEIFS('Naver_Daily'!$D$2:$D$52174,'Naver_Daily'!$A$2:$A$52174,A719,'Naver_Daily'!$B$2:$B$52174,">="&G719,'Naver_Daily'!$B$2:$B$52174,"<="&H719) | O719: =IFERROR(M719/N719-1,"") | P719: Full month
A720: NV_XB07 | B720: 허니·스위트 | C720: 2026-03 | D720: 46082 | E720: 46112 | F720: 31 | G720: 45717 | H720: 45747 | I720: 31 | J720: 40.628209 | K720: 0 | M720: =AVERAGEIFS('Naver_Daily'!$D$2:$D$52174,'Naver_Daily'!$A$2:$A$52174,A720,'Naver_Daily'!$B$2:$B$52174,">="&D720,'Naver_Daily'!$B$2:$B$52174,"<="&E720) | N720: =AVERAGEIFS('Naver_Daily'!$D$2:$D$52174,'Naver_Daily'!$A$2:$A$52174,A720,'Naver_Daily'!$B$2:$B$52174,">="&G720,'Naver_Daily'!$B$2:$B$52174,"<="&H720) | O720: =IFERROR(M720/N720-1,"") | P720: Full month
... A727: NV_XB07 | B727: 허니·스위트 | C727: 2026-10 | D727: 46296 | E727: 46314 | F727: 19 | G727: 45931 | H727: 45949 | I727: 19 | J727: 10.90895 | K727: 0 | M727: =AVERAGEIFS('Naver_Daily'!$D$2:$D$52174,'Naver_Daily'!$A$2:$A$52174,A727,'Naver_Daily'!$B$2:$B$52174,">="&D727,'Naver_Daily'!$B$2:$B$52174,"<="&E727) | N727: =AVERAGEIFS('Naver_Daily'!$D$2:$D$52174,'Naver_Daily'!$A$2:$A$52174,A727,'Naver_Daily'!$B$2:$B$52174,">="&G727,'Naver_Daily'!$B$2:$B$52174,"<="&H727) | O727: =IFERROR(M727/N727-1,"") | P727: 2026 Oct 1–19 vs 2025 Oct 1–19; 2025 chart full month
A728: NV_XB08 | B728: 이국향 | C728: 2025-01 | D728: 45658 | E728: 45688 | F728: 31 | G728: 45292 | H728: 45322 | I728: 31 | J728: 7.7246029 | K728: 6.5192097 | L728: 0.18489867 | M728: =AVERAGEIFS('Naver_Daily'!$D$2:$D$52174,'Naver_Daily'!$A$2:$A$52174,A728,'Naver_Daily'!$B$2:$B$52174,">="&D728,'Naver_Daily'!$B$2:$B$52174,"<="&E728) | N728: =AVERAGEIFS('Naver_Daily'!$D$2:$D$52174,'Naver_Daily'!$A$2:$A$52174,A728,'Naver_Daily'!$B$2:$B$52174,">="&G728,'Naver_Daily'!$B$2:$B$52174,"<="&H728) | O728: =IFERROR(M728/N728-1,"") | P728: Full month
A729: NV_XB08 | B729: 이국향 | C729: 2025-02 | D729: 45689 | E729: 45716 | F729: 28 | G729: 45323 | H729: 45351 | I729: 29 | J729: 8.5058554 | K729: 7.3077345 | L729: 0.16395244 | M729: =AVERAGEIFS('Naver_Daily'!$D$2:$D$52174,'Naver_Daily'!$A$2:$A$52174,A729,'Naver_Daily'!$B$2:$B$52174,">="&D729,'Naver_Daily'!$B$2:$B$52174,"<="&E729) | N729: =AVERAGEIFS('Naver_Daily'!$D$2:$D$52174,'Naver_Daily'!$A$2:$A$52174,A729,'Naver_Daily'!$B$2:$B$52174,">="&G729,'Naver_Daily'!$B$2:$B$52174,"<="&H729) | O729: =IFERROR(M729/N729-1,"") | P729: Full month
A730: NV_XB08 | B730: 이국향 | C730: 2025-03 | D730: 45717 | E730: 45747 | F730: 31 | G730: 45352 | H730: 45382 | I730: 31 | J730: 6.2916506 | K730: 7.1980752 | L730: -0.12592596 | M730: =AVERAGEIFS('Naver_Daily'!$D$2:$D$52174,'Naver_Daily'!$A$2:$A$52174,A730,'Naver_Daily'!$B$2:$B$52174,">="&D730,'Naver_Daily'!$B$2:$B$52174,"<="&E730) | N730: =AVERAGEIFS('Naver_Daily'!$D$2:$D$52174,'Naver_Daily'!$A$2:$A$52174,A730,'Naver_Daily'!$B$2:$B$52174,">="&G730,'Naver_Daily'!$B$2:$B$52174,"<="&H730) | O730: =IFERROR(M730/N730-1,"") | P730: Full month
A731: NV_XB08 | B731: 이국향 | C731: 2025-04 | D731: 45748 | E731: 45777 | F731: 30 | G731: 45383 | H731: 45412 | I731: 30 | J731: 6.2672133 | K731: 7.4517857 | L731: -0.1589649 | M731: =AVERAGEIFS('Naver_Daily'!$D$2:$D$52174,'Naver_Daily'!$A$2:$A$52174,A731,'Naver_Daily'!$B$2:$B$52174,">="&D731,'Naver_Daily'!$B$2:$B$52174,"<="&E731) | N731: =AVERAGEIFS('Naver_Daily'!$D$2:$D$52174,'Naver_Daily'!$A$2:$A$52174,A731,'Naver_Daily'!$B$2:$B$52174,">="&G731,'Naver_Daily'!$B$2:$B$52174,"<="&H731) | O731: =IFERROR(M731/N731-1,"") | P731: Full month
A732: NV_XB08 | B732: 이국향 | C732: 2025-05 | D732: 45778 | E732: 45808 | F732: 31 | G732: 45413 | H732: 45443 | I732: 31 | J732: 6.308789 | K732: 6.972421 | L732: -0.095179557 | M732: =AVERAGEIFS('Naver_Daily'!$D$2:$D$52174,'Naver_Daily'!$A$2:$A$52174,A732,'Naver_Daily'!$B$2:$B$52174,">="&D732,'Naver_Daily'!$B$2:$B$52174,"<="&E732) | N732: =AVERAGEIFS('Naver_Daily'!$D$2:$D$52174,'Naver_Daily'!$A$2:$A$52174,A732,'Naver_Daily'!$B$2:$B$52174,">="&G732,'Naver_Daily'!$B$2:$B$52174,"<="&H732) | O732: =IFERROR(M732/N732-1,"") | P732: Full month
A733: NV_XB08 | B733: 이국향 | C733: 2025-06 | D733: 45809 | E733: 45838 | F733: 30 | G733: 45444 | H733: 45473 | I733: 30 | J733: 10.495863 | K733: 7.0513523 | L733: 0.48848932 | M733: =AVERAGEIFS('Naver_Daily'!$D$2:$D$52174,'Naver_Daily'!$A$2:$A$52174,A733,'Naver_Daily'!$B$2:$B$52174,">="&D733,'Naver_Daily'!$B$2:$B$52174,"<="&E733) | N733: =AVERAGEIFS('Naver_Daily'!$D$2:$D$52174,'Naver_Daily'!$A$2:$A$52174,A733,'Naver_Daily'!$B$2:$B$52174,">="&G733,'Naver_Daily'!$B$2:$B$52174,"<="&H733) | O733: =IFERROR(M733/N733-1,"") | P733: Full month
A734: NV_XB08 | B734: 이국향 | C734: 2025-07 | D734: 45839 | E734: 45869 | F734: 31 | G734: 45474 | H734: 45504 | I734: 31 | J734: 7.3504158 | K734: 6.729629 | L734: 0.092246805 | M734: =AVERAGEIFS('Naver_Daily'!$D$2:$D$52174,'Naver_Daily'!$A$2:$A$52174,A734,'Naver_Daily'!$B$2:$B$52174,">="&D734,'Naver_Daily'!$B$2:$B$52174,"<="&E734) | N734: =AVERAGEIFS('Naver_Daily'!$D$2:$D$52174,'Naver_Daily'!$A$2:$A$52174,A734,'Naver_Daily'!$B$2:$B$52174,">="&G734,'Naver_Daily'!$B$2:$B$52174,"<="&H734) | O734: =IFERROR(M734/N734-1,"") | P734: Full month
A735: NV_XB08 | B735: 이국향 | C735: 2025-08 | D735: 45870 | E735: 45900 | F735: 31 | G735: 45505 | H735: 45535 | I735: 31 | J735: 7.1314265 | K735: 7.0571606 | L735: 0.010523468 | M735: =AVERAGEIFS('Naver_Daily'!$D$2:$D$52174,'Naver_Daily'!$A$2:$A$52174,A735,'Naver_Daily'!$B$2:$B$52174,">="&D735,'Naver_Daily'!$B$2:$B$52174,"<="&E735) | N735: =AVERAGEIFS('Naver_Daily'!$D$2:$D$52174,'Naver_Daily'!$A$2:$A$52174,A735,'Naver_Daily'!$B$2:$B$52174,">="&G735,'Naver_Daily'!$B$2:$B$52174,"<="&H735) | O735: =IFERROR(M735/N735-1,"") | P735: Full month
A736: NV_XB08 | B736: 이국향 | C736: 2025-09 | D736: 45901 | E736: 45930 | F736: 30 | G736: 45536 | H736: 45565 | I736: 30 | J736: 6.8949183 | K736: 8.2910233 | L736: -0.16838754 | M736: =AVERAGEIFS('Naver_Daily'!$D$2:$D$52174,'Naver_Daily'!$A$2:$A$52174,A736,'Naver_Daily'!$B$2:$B$52174,">="&D736,'Naver_Daily'!$B$2:$B$52174,"<="&E736) | N736: =AVERAGEIFS('Naver_Daily'!$D$2:$D$52174,'Naver_Daily'!$A$2:$A$52174,A736,'Naver_Daily'!$B$2:$B$52174,">="&G736,'Naver_Daily'!$B$2:$B$52174,"<="&H736) | O736: =IFERROR(M736/N736-1,"") | P736: Full month
A737: NV_XB08 | B737: 이국향 | C737: 2025-10 | D737: 45931 | E737: 45961 | F737: 31 | G737: 45566 | H737: 45596 | I737: 31 | J737: 6.7972297 | K737: 7.6408139 | L737: -0.11040502 | M737: =AVERAGEIFS('Naver_Daily'!$D$2:$D$52174,'Naver_Daily'!$A$2:$A$52174,A737,'Naver_Daily'!$B$2:$B$52174,">="&D737,'Naver_Daily'!$B$2:$B$52174,"<="&E737) | N737: =AVERAGEIFS('Naver_Daily'!$D$2:$D$52174,'Naver_Daily'!$A$2:$A$52174,A737,'Naver_Daily'!$B$2:$B$52174,">="&G737,'Naver_Daily'!$B$2:$B$52174,"<="&H737) | O737: =IFERROR(M737/N737-1,"") | P737: 2025 Oct chart 31 days
A738: NV_XB08 | B738: 이국향 | C738: 2025-11 | D738: 45962 | E738: 45991 | F738: 30 | G738: 45597 | H738: 45626 | I738: 30 | J738: 5.896296 | K738: 7.4409633 | L738: -0.2075897 | M738: =AVERAGEIFS('Naver_Daily'!$D$2:$D$52174,'Naver_Daily'!$A$2:$A$52174,A738,'Naver_Daily'!$B$2:$B$52174,">="&D738,'Naver_Daily'!$B$2:$B$52174,"<="&E738) | N738: =AVERAGEIFS('Naver_Daily'!$D$2:$D$52174,'Naver_Daily'!$A$2:$A$52174,A738,'Naver_Daily'!$B$2:$B$52174,">="&G738,'Naver_Daily'!$B$2:$B$52174,"<="&H738) | O738: =IFERROR(M738/N738-1,"") | P738: Full month
A739: NV_XB08 | B739: 이국향 | C739: 2025-12 | D739: 45992 | E739: 46022 | F739: 31 | G739: 45627 | H739: 45657 | I739: 31 | J739: 6.1212197 | K739: 8.5329571 | L739: -0.28263794 | M739: =AVERAGEIFS('Naver_Daily'!$D$2:$D$52174,'Naver_Daily'!$A$2:$A$52174,A739,'Naver_Daily'!$B$2:$B$52174,">="&D739,'Naver_Daily'!$B$2:$B$52174,"<="&E739) | N739: =AVERAGEIFS('Naver_Daily'!$D$2:$D$52174,'Naver_Daily'!$A$2:$A$52174,A739,'Naver_Daily'!$B$2:$B$52174,">="&G739,'Naver_Daily'!$B$2:$B$52174,"<="&H739) | O739: =IFERROR(M739/N739-1,"") | P739: Full month
... A1123: NV_BG_BREAST | B1123: 가슴살버거 | C1123: 2026-10 | D1123: 46296 | E1123: 46314 | F1123: 19 | G1123: 45931 | H1123: 45949 | I1123: 19 | J1123: 0.64184842 | K1123: 2.9525026 | L1123: -0.78260869 | M1123: =AVERAGEIFS('Naver_Daily'!$D$2:$D$52174,'Naver_Daily'!$A$2:$A$52174,A1123,'Naver_Daily'!$B$2:$B$52174,">="&D1123,'Naver_Daily'!$B$2:$B$52174,"<="&E1123) | N1123: =AVERAGEIFS('Naver_Daily'!$D$2:$D$52174,'Naver_Daily'!$A$2:$A$52174,A1123,'Naver_Daily'!$B$2:$B$52174,">="&G1123,'Naver_Daily'!$B$2:$B$52174,"<="&H1123) | O1123: =IFERROR(M1123/N1123-1,"") | P1123: 2026 Oct 1–19 vs 2025 Oct 1–19; 2025 chart full month

Sheet Official_POS
A1: Month | B1: Item | C1: Sales input KRW000 | D1: KG input | E1: Days | F1: Daily KG formula | G1: Source URL
A2: 2025-01 | B2: 절단육(닭도리탕용) | C2: 8472123 | D2: 920307 | E2: 31 | F2: =D2/E2 | G2: https://www.ekapepia.com/v3/supplyTrend/consumeTrend/productSalesData.do?searchStartDate=2025-01&searchEndDate=2025-01&searchCondition1=&searchCondition2=9901&searchCondition5=
A3: 2025-01 | B3: 통닭 | C3: 5591855 | D3: 624970 | E3: 31 | F3: =D3/E3 | G3: https://www.ekapepia.com/v3/supplyTrend/consumeTrend/productSalesData.do?searchStartDate=2025-01&searchEndDate=2025-01&searchCondition1=&searchCondition2=9901&searchCondition5=
A4: 2025-01 | B4: 토종닭 | C4: 3100671 | D4: 314158 | E4: 31 | F4: =D4/E4 | G4: https://www.ekapepia.com/v3/supplyTrend/consumeTrend/productSalesData.do?searchStartDate=2025-01&searchEndDate=2025-01&searchCondition1=&searchCondition2=9901&searchCondition5=
A5: 2025-01 | B5: 북채(아랫다리) | C5: 4588351 | D5: 279702 | E5: 31 | F5: =D5/E5 | G5: https://www.ekapepia.com/v3/supplyTrend/consumeTrend/productSalesData.do?searchStartDate=2025-01&searchEndDate=2025-01&searchCondition1=&searchCondition2=9901&searchCondition5=
A6: 2025-01 | B6: 가슴살 | C6: 1810787 | D6: 114732 | E6: 31 | F6: =D6/E6 | G6: https://www.ekapepia.com/v3/supplyTrend/consumeTrend/productSalesData.do?searchStartDate=2025-01&searchEndDate=2025-01&searchCondition1=&searchCondition2=9901&searchCondition5=
A7: 2025-01 | B7: 정육(다리발골육) | C7: 1449675 | D7: 91230 | E7: 31 | F7: =D7/E7 | G7: https://www.ekapepia.com/v3/supplyTrend/consumeTrend/productSalesData.do?searchStartDate=2025-01&searchEndDate=2025-01&searchCondition1=&searchCondition2=9901&searchCondition5=
A8: 2025-01 | B8: 봉(윗날개) | C8: 867817 | D8: 45019 | E8: 31 | F8: =D8/E8 | G8: https://www.ekapepia.com/v3/supplyTrend/consumeTrend/productSalesData.do?searchStartDate=2025-01&searchEndDate=2025-01&searchCondition1=&searchCondition2=9901&searchCondition5=
A9: 2025-01 | B9: 안심 | C9: 770052 | D9: 42456 | E9: 31 | F9: =D9/E9 | G9: https://www.ekapepia.com/v3/supplyTrend/consumeTrend/productSalesData.do?searchStartDate=2025-01&searchEndDate=2025-01&searchCondition1=&searchCondition2=9901&searchCondition5=
A10: 2025-01 | B10: 윙(아랫날개) | C10: 598194 | D10: 31157 | E10: 31 | F10: =D10/E10 | G10: https://www.ekapepia.com/v3/supplyTrend/consumeTrend/productSalesData.do?searchStartDate=2025-01&searchEndDate=2025-01&searchCondition1=&searchCondition2=9901&searchCondition5=
A11: 2025-02 | B11: 절단육(닭도리탕용) | C11: 7838355 | D11: 951383 | E11: 28 | F11: =D11/E11 | G11: https://www.ekapepia.com/v3/supplyTrend/consumeTrend/productSalesData.do?searchStartDate=2025-02&searchEndDate=2025-02&searchCondition1=&searchCondition2=9901&searchCondition5=
A12: 2025-02 | B12: 통닭 | C12: 4450587 | D12: 489050 | E12: 28 | F12: =D12/E12 | G12: https://www.ekapepia.com/v3/supplyTrend/consumeTrend/productSalesData.do?searchStartDate=2025-02&searchEndDate=2025-02&searchCondition1=&searchCondition2=9901&searchCondition5=
A13: 2025-02 | B13: 북채(아랫다리) | C13: 7013367 | D13: 351175 | E13: 28 | F13: =D13/E13 | G13: https://www.ekapepia.com/v3/supplyTrend/consumeTrend/productSalesData.do?searchStartDate=2025-02&searchEndDate=2025-02&searchCondition1=&searchCondition2=9901&searchCondition5=
... A190: 2026-09 | B190: 윙(아랫날개) | C190: 682520 | D190: 35221 | E190: 30 | F190: =D190/E190 | G190: https://www.ekapepia.com/v3/supplyTrend/consumeTrend/productSalesData.do?searchStartDate=2026-09&searchEndDate=2026-09&searchCondition1=&searchCondition2=9901&searchCondition5=

Sheet SOME_Archive20
A1: ID | B1: Brand | C1: Month | D1: Total | E1: Instagram | F1: Blog | G1: News | H1: Days | I1: Partial | J1: Daily formula | K1: URL | L1: Capture | M1: Status
A2: SOME_1 | B2: 맘스터치 | C2: 2026-01 | D2: 6358 | E2: 1090 | F2: 5139 | G2: 129 | H2: 31 | I2: FALSE | J2: =D2/H2 | K2: https://some.co.kr/analysis/social/mention?keyword=%EB%A7%98%EC%8A%A4%ED%84%B0%EC%B9%98&startDate=20260101&endDate=20261020&sources=insta%2cblog%2cnews&excludeRT=false | L2: 2026-10-21T04:59:54.411Z | M2: Archive only; Oct 1–20, not recomputed to19; Jan–Sep display
A3: SOME_1 | B3: 맘스터치 | C3: 2026-02 | D3: 5246 | E3: 870 | F3: 4259 | G3: 117 | H3: 28 | I3: FALSE | J3: =D3/H3 | K3: https://some.co.kr/analysis/social/mention?keyword=%EB%A7%98%EC%8A%A4%ED%84%B0%EC%B9%98&startDate=20260101&endDate=20261020&sources=insta%2cblog%2cnews&excludeRT=false | L3: 2026-10-21T04:59:54.411Z | M3: Archive only; Oct 1–20, not recomputed to19; Jan–Sep display
A4: SOME_1 | B4: 맘스터치 | C4: 2026-03 | D4: 9045 | E4: 1150 | F4: 7773 | G4: 122 | H4: 31 | I4: FALSE | J4: =D4/H4 | K4: https://some.co.kr/analysis/social/mention?keyword=%EB%A7%98%EC%8A%A4%ED%84%B0%EC%B9%98&startDate=20260101&endDate=20261020&sources=insta%2cblog%2cnews&excludeRT=false | L4: 2026-10-21T04:59:54.411Z | M4: Archive only; Oct 1–20, not recomputed to19; Jan–Sep display
A5: SOME_1 | B5: 맘스터치 | C5: 2026-04 | D5: 10155 | E5: 1745 | F5: 8202 | G5: 208 | H5: 30 | I5: FALSE | J5: =D5/H5 | K5: https://some.co.kr/analysis/social/mention?keyword=%EB%A7%98%EC%8A%A4%ED%84%B0%EC%B9%98&startDate=20260101&endDate=20261020&sources=insta%2cblog%2cnews&excludeRT=false | L5: 2026-10-21T04:59:54.411Z | M5: Archive only; Oct 1–20, not recomputed to19; Jan–Sep display
A6: SOME_1 | B6: 맘스터치 | C6: 2026-05 | D6: 8063 | E6: 1364 | F6: 6610 | G6: 89 | H6: 31 | I6: FALSE | J6: =D6/H6 | K6: https://some.co.kr/analysis/social/mention?keyword=%EB%A7%98%EC%8A%A4%ED%84%B0%EC%B9%98&startDate=20260101&endDate=20261020&sources=insta%2cblog%2cnews&excludeRT=false | L6: 2026-10-21T04:59:54.411Z | M6: Archive only; Oct 1–20, not recomputed to19; Jan–Sep display
A7: SOME_1 | B7: 맘스터치 | C7: 2026-06 | D7: 10158 | E7: 1707 | F7: 8336 | G7: 115 | H7: 30 | I7: FALSE | J7: =D7/H7 | K7: https://some.co.kr/analysis/social/mention?keyword=%EB%A7%98%EC%8A%A4%ED%84%B0%EC%B9%98&startDate=20260101&endDate=20261020&sources=insta%2cblog%2cnews&excludeRT=false | L7: 2026-10-21T04:59:54.411Z | M7: Archive only; Oct 1–20, not recomputed to19; Jan–Sep display
A8: SOME_1 | B8: 맘스터치 | C8: 2026-07 | D8: 7949 | E8: 1014 | F8: 6826 | G8: 109 | H8: 31 | I8: FALSE | J8: =D8/H8 | K8: https://some.co.kr/analysis/social/mention?keyword=%EB%A7%98%EC%8A%A4%ED%84%B0%EC%B9%98&startDate=20260101&endDate=20261020&sources=insta%2cblog%2cnews&excludeRT=false | L8: 2026-10-21T04:59:54.411Z | M8: Archive only; Oct 1–20, not recomputed to19; Jan–Sep display
A9: SOME_1 | B9: 맘스터치 | C9: 2026-08 | D9: 7626 | E9: 984 | F9: 6492 | G9: 150 | H9: 31 | I9: FALSE | J9: =D9/H9 | K9: https://some.co.kr/analysis/social/mention?keyword=%EB%A7%98%EC%8A%A4%ED%84%B0%EC%B9%98&startDate=20260101&endDate=20261020&sources=insta%2cblog%2cnews&excludeRT=false | L9: 2026-10-21T04:59:54.411Z | M9: Archive only; Oct 1–20, not recomputed to19; Jan–Sep display
A10: SOME_1 | B10: 맘스터치 | C10: 2026-09 | D10: 11981 | E10: 1606 | F10: 10302 | G10: 73 | H10: 30 | I10: FALSE | J10: =D10/H10 | K10: https://some.co.kr/analysis/social/mention?keyword=%EB%A7%98%EC%8A%A4%ED%84%B0%EC%B9%98&startDate=20260101&endDate=20261020&sources=insta%2cblog%2cnews&excludeRT=false | L10: 2026-10-21T04:59:54.411Z | M10: Archive only; Oct 1–20, not recomputed to19; Jan–Sep display
A11: SOME_1 | B11: 맘스터치 | C11: 2026-10 | D11: 4535 | E11: 638 | F11: 3808 | G11: 89 | H11: 20 | I11: TRUE | J11: =D11/H11 | K11: https://some.co.kr/analysis/social/mention?keyword=%EB%A7%98%EC%8A%A4%ED%84%B0%EC%B9%98&startDate=20260101&endDate=20261020&sources=insta%2cblog%2cnews&excludeRT=false | L11: 2026-10-21T04:59:54.411Z | M11: Archive only; Oct 1–20, not recomputed to19; Jan–Sep display
A12: SOME_2 | B12: 롯데리아 | C12: 2026-01 | D12: 14175 | E12: 2104 | F12: 11882 | G12: 189 | H12: 31 | I12: FALSE | J12: =D12/H12 | K12: https://some.co.kr/analysis/social/mention?keyword=%EB%A1%AF%EB%8D%B0%EB%A6%AC%EC%95%84&startDate=20260101&endDate=20261020&sources=insta%2cblog%2cnews&excludeRT=false | L12: 2026-10-21T05:00:19.031Z | M12: Archive only; Oct 1–20, not recomputed to19; Jan–Sep display
A13: SOME_2 | B13: 롯데리아 | C13: 2026-02 | D13: 11634 | E13: 1626 | F13: 9799 | G13: 209 | H13: 28 | I13: FALSE | J13: =D13/H13 | K13: https://some.co.kr/analysis/social/mention?keyword=%EB%A1%AF%EB%8D%B0%EB%A6%AC%EC%95%84&startDate=20260101&endDate=20261020&sources=insta%2cblog%2cnews&excludeRT=false | L13: 2026-10-21T05:00:19.031Z | M13: Archive only; Oct 1–20, not recomputed to19; Jan–Sep display
... A111: SOME_11 | B111: 푸라닭 | C111: 2026-10 | D111: 1335 | E111: 154 | F111: 1149 | G111: 32 | H111: 20 | I111: TRUE | J111: =D111/H111 | K111: https://some.co.kr/analysis/social/mention?keyword=%ED%91%B8%EB%9D%BC%EB%8B%AD&startDate=20260101&endDate=20261020&sources=insta%2cblog%2cnews&excludeRT=false | L111: 2026-10-21T08:28:46.116Z | M111: Archive only; Oct 1–20, not recomputed to19; Jan–Sep display

Sheet Company_Daily_Audit
A1: Date | B1: Row | C1: Cached I sales exVAT | D1: Cached J TC/1.1 | E1: Correct sales formula | F1: Correct TC formula | G1: Provided sales | H1: Provided TC | I1: Sales diff | J1: TC diff | K1: Instore TC | L1: Takeaway TC | M1: Delivery TC | N1: Instore sales | O1: Takeaway sales | P1: Delivery sales | Q1: Ownapp TC | R1: Ownapp sales | S1: TC residual | T1: Sales residual
A2: 45292 | B2: 8 | C2: 1.5225854e+09 | D2: 92777.273 | E2: =ROUND(C2*1.1,0) | F2: =ROUND(D2*1.1,0) | G2: 1674843994 | H2: 102055 | I2: =E2-G2 | J2: =F2-H2 | K2: 28892 | L2: 34691 | M2: 38472 | N2: 323941710 | O2: 468112658 | P2: 882789626 | Q2: 901 | R2: 16089400 | S2: 0 | T2: 0
A3: 45293 | B3: 9 | C3: 1.6526015e+09 | D3: 110659.09 | E3: =ROUND(C3*1.1,0) | F3: =ROUND(D3*1.1,0) | G3: 1817861687 | H3: 121725 | I3: =E3-G3 | J3: =F3-H3 | K3: 43881 | L3: 43484 | M3: 34360 | N3: 468708000 | O3: 523812526 | P3: 825341161 | Q3: 868 | R3: 13434750 | S3: 0 | T3: 0
A4: 45294 | B4: 10 | C4: 1.6995611e+09 | D4: 111148.18 | E4: =ROUND(C4*1.1,0) | F4: =ROUND(D4*1.1,0) | G4: 1869517205 | H4: 122263 | I4: =E4-G4 | J4: =F4-H4 | K4: 42874 | L4: 44186 | M4: 35203 | N4: 459252280 | O4: 534181406 | P4: 876083519 | Q4: 878 | R4: 13361200 | S4: 0 | T4: 0
A5: 45295 | B5: 11 | C5: 1.7885807e+09 | D5: 117407.27 | E5: =ROUND(C5*1.1,0) | F5: =ROUND(D5*1.1,0) | G5: 1967438725 | H5: 129148 | I5: =E5-G5 | J5: =F5-H5 | K5: 45784 | L5: 46820 | M5: 36544 | N5: 490575250 | O5: 575547884 | P5: 901315591 | Q5: 970 | R5: 14180200 | S5: 0 | T5: 0
A6: 45296 | B6: 12 | C6: 1.9244224e+09 | D6: 127554.55 | E6: =ROUND(C6*1.1,0) | F6: =ROUND(D6*1.1,0) | G6: 2116864692 | H6: 140310 | I6: =E6-G6 | J6: =F6-H6 | K6: 50395 | L6: 50209 | M6: 39706 | N6: 523453810 | O6: 624725339 | P6: 968685543 | Q6: 975 | R6: 16015100 | S6: 0 | T6: 0
A7: 45297 | B7: 13 | C7: 1.9267588e+09 | D7: 123065.45 | E7: =ROUND(C7*1.1,0) | F7: =ROUND(D7*1.1,0) | G7: 2119434687 | H7: 135372 | I7: =E7-G7 | J7: =F7-H7 | K7: 42872 | L7: 49504 | M7: 42996 | N7: 459341860 | O7: 655001841 | P7: 1005090986 | Q7: 1096 | R7: 18366000 | S7: 0 | T7: 0
A8: 45298 | B8: 14 | C8: 1.9190844e+09 | D8: 118221.82 | E8: =ROUND(C8*1.1,0) | F8: =ROUND(D8*1.1,0) | G8: 2110992806 | H8: 130044 | I8: =E8-G8 | J8: =F8-H8 | K8: 38090 | L8: 44217 | M8: 47737 | N8: 420018940 | O8: 586555475 | P8: 1104418391 | Q8: 1014 | R8: 17281950 | S8: 0 | T8: 0
A9: 45299 | B9: 15 | C9: 1.5528191e+09 | D9: 107294.55 | E9: =ROUND(C9*1.1,0) | F9: =ROUND(D9*1.1,0) | G9: 1708101001 | H9: 118024 | I9: =E9-G9 | J9: =F9-H9 | K9: 42476 | L9: 41008 | M9: 34540 | N9: 433456747 | O9: 486632073 | P9: 788012181 | Q9: 843 | R9: 12377000 | S9: 0 | T9: 0
A10: 45300 | B10: 16 | C10: 1.7677068e+09 | D10: 118492.73 | E10: =ROUND(C10*1.1,0) | F10: =ROUND(D10*1.1,0) | G10: 1944477466 | H10: 130342 | I10: =E10-G10 | J10: =F10-H10 | K10: 44427 | L10: 47917 | M10: 37998 | N10: 462895450 | O10: 598588137 | P10: 882993879 | Q10: 914 | R10: 14134200 | S10: 0 | T10: 0
A11: 45301 | B11: 17 | C11: 1.8221161e+09 | D11: 123995.45 | E11: =ROUND(C11*1.1,0) | F11: =ROUND(D11*1.1,0) | G11: 2004327698 | H11: 136395 | I11: =E11-G11 | J11: =F11-H11 | K11: 47310 | L11: 49273 | M11: 39812 | N11: 490790660 | O11: 600161556 | P11: 913375482 | Q11: 989 | R11: 14631950 | S11: 0 | T11: 0
A12: 45302 | B12: 18 | C12: 1.8058642e+09 | D12: 122623.64 | E12: =ROUND(C12*1.1,0) | F12: =ROUND(D12*1.1,0) | G12: 1986450567 | H12: 134886 | I12: =E12-G12 | J12: =F12-H12 | K12: 46589 | L12: 49054 | M12: 39243 | N12: 483070480 | O12: 599809872 | P12: 903570215 | Q12: 978 | R12: 15000300 | S12: 0 | T12: 0
A13: 45303 | B13: 19 | C13: 1.8664259e+09 | D13: 124954.55 | E13: =ROUND(C13*1.1,0) | F13: =ROUND(D13*1.1,0) | G13: 2053068436 | H13: 137450 | I13: =E13-G13 | J13: =F13-H13 | K13: 47935 | L13: 49901 | M13: 39614 | N13: 501741620 | O13: 621256768 | P13: 930070048 | Q13: 998 | R13: 15955000 | S13: 0 | T13: 0
... A1024: 46314 | B1024: 1030 | C1024: 1.754337e+09 | D1024: 106904.55 | E1024: =ROUND(C1024*1.1,0) | F1024: =ROUND(D1024*1.1,0) | G1024: 1929770732 | H1024: 117595 | I1024: =E1024-G1024 | J1024: =F1024-H1024 | K1024: 45197 | L1024: 33580 | M1024: 38818 | N1024: 522304460 | O1024: 437458654 | P1024: 970007618 | Q1024: 4535 | R1024: 61799200 | S1024: 0 | T1024: 0

Sheet Company_Monthly_4Ch
A1: Channel | B1: Month | C1: Start | D1: End | E1: Days | F1: Prior start | G1: Prior end | H1: Prior days | I1: Model sales | J1: Model prior sales | K1: Model TC | L1: Model prior TC | M1: Calc sales | N1: Calc prior sales | O1: Sales YoY | P1: Calc TC | Q1: Calc prior TC | R1: TC YoY | S1: Scope
A2: Total | B2: 2025-01 | C2: 45658 | D2: 45688 | E2: 31 | F2: 45292 | G2: 45322 | H2: 31 | I2: 76543574899 | J2: 61480170390 | K2: 4308634 | L2: 3995857 | M2: =SUMIFS('Company_Daily_Audit'!$E$2:$E$1024,'Company_Daily_Audit'!$A$2:$A$1024,">="&C2,'Company_Daily_Audit'!$A$2:$A$1024,"<="&D2) | N2: =SUMIFS('Company_Daily_Audit'!$E$2:$E$1024,'Company_Daily_Audit'!$A$2:$A$1024,">="&F2,'Company_Daily_Audit'!$A$2:$A$1024,"<="&G2) | O2: =IFERROR(M2/N2-1,"") | P2: =SUMIFS('Company_Daily_Audit'!$F$2:$F$1024,'Company_Daily_Audit'!$A$2:$A$1024,">="&C2,'Company_Daily_Audit'!$A$2:$A$1024,"<="&D2) | Q2: =SUMIFS('Company_Daily_Audit'!$F$2:$F$1024,'Company_Daily_Audit'!$A$2:$A$1024,">="&F2,'Company_Daily_Audit'!$A$2:$A$1024,"<="&G2) | R2: =IFERROR(P2/Q2-1,"") | S2: Provided POS scope; total original retained
A3: Total | B3: 2025-02 | C3: 45689 | D3: 45716 | E3: 28 | F3: 45323 | G3: 45351 | H3: 29 | I3: 78023083109 | J3: 61564945157 | K3: 4369460 | L3: 3832630 | M3: =SUMIFS('Company_Daily_Audit'!$E$2:$E$1024,'Company_Daily_Audit'!$A$2:$A$1024,">="&C3,'Company_Daily_Audit'!$A$2:$A$1024,"<="&D3) | N3: =SUMIFS('Company_Daily_Audit'!$E$2:$E$1024,'Company_Daily_Audit'!$A$2:$A$1024,">="&F3,'Company_Daily_Audit'!$A$2:$A$1024,"<="&G3) | O3: =IFERROR(M3/N3-1,"") | P3: =SUMIFS('Company_Daily_Audit'!$F$2:$F$1024,'Company_Daily_Audit'!$A$2:$A$1024,">="&C3,'Company_Daily_Audit'!$A$2:$A$1024,"<="&D3) | Q3: =SUMIFS('Company_Daily_Audit'!$F$2:$F$1024,'Company_Daily_Audit'!$A$2:$A$1024,">="&F3,'Company_Daily_Audit'!$A$2:$A$1024,"<="&G3) | R3: =IFERROR(P3/Q3-1,"") | S3: Provided POS scope; total original retained
A4: Total | B4: 2025-03 | C4: 45717 | D4: 45747 | E4: 31 | F4: 45352 | G4: 45382 | H4: 31 | I4: 87970225862 | J4: 67481088199 | K4: 5010197 | L4: 4409273 | M4: =SUMIFS('Company_Daily_Audit'!$E$2:$E$1024,'Company_Daily_Audit'!$A$2:$A$1024,">="&C4,'Company_Daily_Audit'!$A$2:$A$1024,"<="&D4) | N4: =SUMIFS('Company_Daily_Audit'!$E$2:$E$1024,'Company_Daily_Audit'!$A$2:$A$1024,">="&F4,'Company_Daily_Audit'!$A$2:$A$1024,"<="&G4) | O4: =IFERROR(M4/N4-1,"") | P4: =SUMIFS('Company_Daily_Audit'!$F$2:$F$1024,'Company_Daily_Audit'!$A$2:$A$1024,">="&C4,'Company_Daily_Audit'!$A$2:$A$1024,"<="&D4) | Q4: =SUMIFS('Company_Daily_Audit'!$F$2:$F$1024,'Company_Daily_Audit'!$A$2:$A$1024,">="&F4,'Company_Daily_Audit'!$A$2:$A$1024,"<="&G4) | R4: =IFERROR(P4/Q4-1,"") | S4: Provided POS scope; total original retained
A5: Total | B5: 2025-04 | C5: 45748 | D5: 45777 | E5: 30 | F5: 45383 | G5: 45412 | H5: 30 | I5: 85624212568 | J5: 72297908658 | K5: 4871947 | L5: 4751833 | M5: =SUMIFS('Company_Daily_Audit'!$E$2:$E$1024,'Company_Daily_Audit'!$A$2:$A$1024,">="&C5,'Company_Daily_Audit'!$A$2:$A$1024,"<="&D5) | N5: =SUMIFS('Company_Daily_Audit'!$E$2:$E$1024,'Company_Daily_Audit'!$A$2:$A$1024,">="&F5,'Company_Daily_Audit'!$A$2:$A$1024,"<="&G5) | O5: =IFERROR(M5/N5-1,"") | P5: =SUMIFS('Company_Daily_Audit'!$F$2:$F$1024,'Company_Daily_Audit'!$A$2:$A$1024,">="&C5,'Company_Daily_Audit'!$A$2:$A$1024,"<="&D5) | Q5: =SUMIFS('Company_Daily_Audit'!$F$2:$F$1024,'Company_Daily_Audit'!$A$2:$A$1024,">="&F5,'Company_Daily_Audit'!$A$2:$A$1024,"<="&G5) | R5: =IFERROR(P5/Q5-1,"") | S5: Provided POS scope; total original retained
A6: Total | B6: 2025-05 | C6: 45778 | D6: 45808 | E6: 31 | F6: 45413 | G6: 45443 | H6: 31 | I6: 84700336850 | J6: 71306413372 | K6: 4677366 | L6: 4551006 | M6: =SUMIFS('Company_Daily_Audit'!$E$2:$E$1024,'Company_Daily_Audit'!$A$2:$A$1024,">="&C6,'Company_Daily_Audit'!$A$2:$A$1024,"<="&D6) | N6: =SUMIFS('Company_Daily_Audit'!$E$2:$E$1024,'Company_Daily_Audit'!$A$2:$A$1024,">="&F6,'Company_Daily_Audit'!$A$2:$A$1024,"<="&G6) | O6: =IFERROR(M6/N6-1,"") | P6: =SUMIFS('Company_Daily_Audit'!$F$2:$F$1024,'Company_Daily_Audit'!$A$2:$A$1024,">="&C6,'Company_Daily_Audit'!$A$2:$A$1024,"<="&D6) | Q6: =SUMIFS('Company_Daily_Audit'!$F$2:$F$1024,'Company_Daily_Audit'!$A$2:$A$1024,">="&F6,'Company_Daily_Audit'!$A$2:$A$1024,"<="&G6) | R6: =IFERROR(P6/Q6-1,"") | S6: Provided POS scope; total original retained
A7: Total | B7: 2025-06 | C7: 45809 | D7: 45838 | E7: 30 | F7: 45444 | G7: 45473 | H7: 30 | I7: 78739881741 | J7: 69835367087 | K7: 4525633 | L7: 4472528 | M7: =SUMIFS('Company_Daily_Audit'!$E$2:$E$1024,'Company_Daily_Audit'!$A$2:$A$1024,">="&C7,'Company_Daily_Audit'!$A$2:$A$1024,"<="&D7) | N7: =SUMIFS('Company_Daily_Audit'!$E$2:$E$1024,'Company_Daily_Audit'!$A$2:$A$1024,">="&F7,'Company_Daily_Audit'!$A$2:$A$1024,"<="&G7) | O7: =IFERROR(M7/N7-1,"") | P7: =SUMIFS('Company_Daily_Audit'!$F$2:$F$1024,'Company_Daily_Audit'!$A$2:$A$1024,">="&C7,'Company_Daily_Audit'!$A$2:$A$1024,"<="&D7) | Q7: =SUMIFS('Company_Daily_Audit'!$F$2:$F$1024,'Company_Daily_Audit'!$A$2:$A$1024,">="&F7,'Company_Daily_Audit'!$A$2:$A$1024,"<="&G7) | R7: =IFERROR(P7/Q7-1,"") | S7: Provided POS scope; total original retained
A8: Total | B8: 2025-07 | C8: 45839 | D8: 45869 | E8: 31 | F8: 45474 | G8: 45504 | H8: 31 | I8: 80642070701 | J8: 72444622530 | K8: 4487482 | L8: 4441828 | M8: =SUMIFS('Company_Daily_Audit'!$E$2:$E$1024,'Company_Daily_Audit'!$A$2:$A$1024,">="&C8,'Company_Daily_Audit'!$A$2:$A$1024,"<="&D8) | N8: =SUMIFS('Company_Daily_Audit'!$E$2:$E$1024,'Company_Daily_Audit'!$A$2:$A$1024,">="&F8,'Company_Daily_Audit'!$A$2:$A$1024,"<="&G8) | O8: =IFERROR(M8/N8-1,"") | P8: =SUMIFS('Company_Daily_Audit'!$F$2:$F$1024,'Company_Daily_Audit'!$A$2:$A$1024,">="&C8,'Company_Daily_Audit'!$A$2:$A$1024,"<="&D8) | Q8: =SUMIFS('Company_Daily_Audit'!$F$2:$F$1024,'Company_Daily_Audit'!$A$2:$A$1024,">="&F8,'Company_Daily_Audit'!$A$2:$A$1024,"<="&G8) | R8: =IFERROR(P8/Q8-1,"") | S8: Provided POS scope; total original retained
A9: Total | B9: 2025-08 | C9: 45870 | D9: 45900 | E9: 31 | F9: 45505 | G9: 45535 | H9: 31 | I9: 80315701736 | J9: 73099333823 | K9: 4510514 | L9: 4483269 | M9: =SUMIFS('Company_Daily_Audit'!$E$2:$E$1024,'Company_Daily_Audit'!$A$2:$A$1024,">="&C9,'Company_Daily_Audit'!$A$2:$A$1024,"<="&D9) | N9: =SUMIFS('Company_Daily_Audit'!$E$2:$E$1024,'Company_Daily_Audit'!$A$2:$A$1024,">="&F9,'Company_Daily_Audit'!$A$2:$A$1024,"<="&G9) | O9: =IFERROR(M9/N9-1,"") | P9: =SUMIFS('Company_Daily_Audit'!$F$2:$F$1024,'Company_Daily_Audit'!$A$2:$A$1024,">="&C9,'Company_Daily_Audit'!$A$2:$A$1024,"<="&D9) | Q9: =SUMIFS('Company_Daily_Audit'!$F$2:$F$1024,'Company_Daily_Audit'!$A$2:$A$1024,">="&F9,'Company_Daily_Audit'!$A$2:$A$1024,"<="&G9) | R9: =IFERROR(P9/Q9-1,"") | S9: Provided POS scope; total original retained
A10: Total | B10: 2025-09 | C10: 45901 | D10: 45930 | E10: 30 | F10: 45536 | G10: 45565 | H10: 30 | I10: 83370654094 | J10: 75183656028 | K10: 4745199 | L10: 4568443 | M10: =SUMIFS('Company_Daily_Audit'!$E$2:$E$1024,'Company_Daily_Audit'!$A$2:$A$1024,">="&C10,'Company_Daily_Audit'!$A$2:$A$1024,"<="&D10) | N10: =SUMIFS('Company_Daily_Audit'!$E$2:$E$1024,'Company_Daily_Audit'!$A$2:$A$1024,">="&F10,'Company_Daily_Audit'!$A$2:$A$1024,"<="&G10) | O10: =IFERROR(M10/N10-1,"") | P10: =SUMIFS('Company_Daily_Audit'!$F$2:$F$1024,'Company_Daily_Audit'!$A$2:$A$1024,">="&C10,'Company_Daily_Audit'!$A$2:$A$1024,"<="&D10) | Q10: =SUMIFS('Company_Daily_Audit'!$F$2:$F$1024,'Company_Daily_Audit'!$A$2:$A$1024,">="&F10,'Company_Daily_Audit'!$A$2:$A$1024,"<="&G10) | R10: =IFERROR(P10/Q10-1,"") | S10: Provided POS scope; total original retained
A11: Total | B11: 2025-10 | C11: 45931 | D11: 45961 | E11: 31 | F11: 45566 | G11: 45596 | H11: 31 | I11: 81839440124 | J11: 74703971592 | K11: 4549169 | L11: 4664337 | M11: =SUMIFS('Company_Daily_Audit'!$E$2:$E$1024,'Company_Daily_Audit'!$A$2:$A$1024,">="&C11,'Company_Daily_Audit'!$A$2:$A$1024,"<="&D11) | N11: =SUMIFS('Company_Daily_Audit'!$E$2:$E$1024,'Company_Daily_Audit'!$A$2:$A$1024,">="&F11,'Company_Daily_Audit'!$A$2:$A$1024,"<="&G11) | O11: =IFERROR(M11/N11-1,"") | P11: =SUMIFS('Company_Daily_Audit'!$F$2:$F$1024,'Company_Daily_Audit'!$A$2:$A$1024,">="&C11,'Company_Daily_Audit'!$A$2:$A$1024,"<="&D11) | Q11: =SUMIFS('Company_Daily_Audit'!$F$2:$F$1024,'Company_Daily_Audit'!$A$2:$A$1024,">="&F11,'Company_Daily_Audit'!$A$2:$A$1024,"<="&G11) | R11: =IFERROR(P11/Q11-1,"") | S11: Provided POS scope; total original retained
A12: Total | B12: 2025-11 | C12: 45962 | D12: 45991 | E12: 30 | F12: 45597 | G12: 45626 | H12: 30 | I12: 84318685830 | J12: 72894690696 | K12: 4642278 | L12: 4329758 | M12: =SUMIFS('Company_Daily_Audit'!$E$2:$E$1024,'Company_Daily_Audit'!$A$2:$A$1024,">="&C12,'Company_Daily_Audit'!$A$2:$A$1024,"<="&D12) | N12: =SUMIFS('Company_Daily_Audit'!$E$2:$E$1024,'Company_Daily_Audit'!$A$2:$A$1024,">="&F12,'Company_Daily_Audit'!$A$2:$A$1024,"<="&G12) | O12: =IFERROR(M12/N12-1,"") | P12: =SUMIFS('Company_Daily_Audit'!$F$2:$F$1024,'Company_Daily_Audit'!$A$2:$A$1024,">="&C12,'Company_Daily_Audit'!$A$2:$A$1024,"<="&D12) | Q12: =SUMIFS('Company_Daily_Audit'!$F$2:$F$1024,'Company_Daily_Audit'!$A$2:$A$1024,">="&F12,'Company_Daily_Audit'!$A$2:$A$1024,"<="&G12) | R12: =IFERROR(P12/Q12-1,"") | S12: Provided POS scope; total original retained
A13: Total | B13: 2025-12 | C13: 45992 | D13: 46022 | E13: 31 | F13: 45627 | G13: 45657 | H13: 31 | I13: 90779905347 | J13: 79536384709 | K13: 4766297 | L13: 4489451 | M13: =SUMIFS('Company_Daily_Audit'!$E$2:$E$1024,'Company_Daily_Audit'!$A$2:$A$1024,">="&C13,'Company_Daily_Audit'!$A$2:$A$1024,"<="&D13) | N13: =SUMIFS('Company_Daily_Audit'!$E$2:$E$1024,'Company_Daily_Audit'!$A$2:$A$1024,">="&F13,'Company_Daily_Audit'!$A$2:$A$1024,"<="&G13) | O13: =IFERROR(M13/N13-1,"") | P13: =SUMIFS('Company_Daily_Audit'!$F$2:$F$1024,'Company_Daily_Audit'!$A$2:$A$1024,">="&C13,'Company_Daily_Audit'!$A$2:$A$1024,"<="&D13) | Q13: =SUMIFS('Company_Daily_Audit'!$F$2:$F$1024,'Company_Daily_Audit'!$A$2:$A$1024,">="&F13,'Company_Daily_Audit'!$A$2:$A$1024,"<="&G13) | R13: =IFERROR(P13/Q13-1,"") | S13: Provided POS scope; total original retained
... A23: Total | B23: 2026-10 | C23: 46296 | D23: 46314 | E23: 19 | F23: 45931 | G23: 45949 | H23: 19 | I23: 52183272557 | J23: 45044778693 | K23: 2881379 | L23: 2540172 | M23: =SUMIFS('Company_Daily_Audit'!$E$2:$E$1024,'Company_Daily_Audit'!$A$2:$A$1024,">="&C23,'Company_Daily_Audit'!$A$2:$A$1024,"<="&D23) | N23: =SUMIFS('Company_Daily_Audit'!$E$2:$E$1024,'Company_Daily_Audit'!$A$2:$A$1024,">="&F23,'Company_Daily_Audit'!$A$2:$A$1024,"<="&G23) | O23: =IFERROR(M23/N23-1,"") | P23: =SUMIFS('Company_Daily_Audit'!$F$2:$F$1024,'Company_Daily_Audit'!$A$2:$A$1024,">="&C23,'Company_Daily_Audit'!$A$2:$A$1024,"<="&D23) | Q23: =SUMIFS('Company_Daily_Audit'!$F$2:$F$1024,'Company_Daily_Audit'!$A$2:$A$1024,">="&F23,'Company_Daily_Audit'!$A$2:$A$1024,"<="&G23) | R23: =IFERROR(P23/Q23-1,"") | S23: Provided POS scope; total original retained
A24: Delivery | B24: 2025-01 | C24: 45658 | D24: 45688 | E24: 31 | F24: 45292 | G24: 45322 | H24: 31 | I24: 44200863547 | J24: 29627747330 | K24: 1790588 | L24: 1264599 | M24: =SUMIFS('Company_Daily_Audit'!$P$2:$P$1024,'Company_Daily_Audit'!$A$2:$A$1024,">="&C24,'Company_Daily_Audit'!$A$2:$A$1024,"<="&D24) | N24: =SUMIFS('Company_Daily_Audit'!$P$2:$P$1024,'Company_Daily_Audit'!$A$2:$A$1024,">="&F24,'Company_Daily_Audit'!$A$2:$A$1024,"<="&G24) | O24: =IFERROR(M24/N24-1,"") | P24: =SUMIFS('Company_Daily_Audit'!$M$2:$M$1024,'Company_Daily_Audit'!$A$2:$A$1024,">="&C24,'Company_Daily_Audit'!$A$2:$A$1024,"<="&D24) | Q24: =SUMIFS('Company_Daily_Audit'!$M$2:$M$1024,'Company_Daily_Audit'!$A$2:$A$1024,">="&F24,'Company_Daily_Audit'!$A$2:$A$1024,"<="&G24) | R24: =IFERROR(P24/Q24-1,"") | S24: Provided POS scope; total original retained
A25: Delivery | B25: 2025-02 | C25: 45689 | D25: 45716 | E25: 28 | F25: 45323 | G25: 45351 | H25: 29 | I25: 45543914970 | J25: 31222295674 | K25: 1848562 | L25: 1308487 | M25: =SUMIFS('Company_Daily_Audit'!$P$2:$P$1024,'Company_Daily_Audit'!$A$2:$A$1024,">="&C25,'Company_Daily_Audit'!$A$2:$A$1024,"<="&D25) | N25: =SUMIFS('Company_Daily_Audit'!$P$2:$P$1024,'Company_Daily_Audit'!$A$2:$A$1024,">="&F25,'Company_Daily_Audit'!$A$2:$A$1024,"<="&G25) | O25: =IFERROR(M25/N25-1,"") | P25: =SUMIFS('Company_Daily_Audit'!$M$2:$M$1024,'Company_Daily_Audit'!$A$2:$A$1024,">="&C25,'Company_Daily_Audit'!$A$2:$A$1024,"<="&D25) | Q25: =SUMIFS('Company_Daily_Audit'!$M$2:$M$1024,'Company_Daily_Audit'!$A$2:$A$1024,">="&F25,'Company_Daily_Audit'!$A$2:$A$1024,"<="&G25) | R25: =IFERROR(P25/Q25-1,"") | S25: Provided POS scope; total original retained
A26: Delivery | B26: 2025-03 | C26: 45717 | D26: 45747 | E26: 31 | F26: 45352 | G26: 45382 | H26: 31 | I26: 48586859067 | J26: 31651810291 | K26: 1929421 | L26: 1328754 | M26: =SUMIFS('Company_Daily_Audit'!$P$2:$P$1024,'Company_Daily_Audit'!$A$2:$A$1024,">="&C26,'Company_Daily_Audit'!$A$2:$A$1024,"<="&D26) | N26: =SUMIFS('Company_Daily_Audit'!$P$2:$P$1024,'Company_Daily_Audit'!$A$2:$A$1024,">="&F26,'Company_Daily_Audit'!$A$2:$A$1024,"<="&G26) | O26: =IFERROR(M26/N26-1,"") | P26: =SUMIFS('Company_Daily_Audit'!$M$2:$M$1024,'Company_Daily_Audit'!$A$2:$A$1024,">="&C26,'Company_Daily_Audit'!$A$2:$A$1024,"<="&D26) | Q26: =SUMIFS('Company_Daily_Audit'!$M$2:$M$1024,'Company_Daily_Audit'!$A$2:$A$1024,">="&F26,'Company_Daily_Audit'!$A$2:$A$1024,"<="&G26) | R26: =IFERROR(P26/Q26-1,"") | S26: Provided POS scope; total original retained
A27: Delivery | B27: 2025-04 | C27: 45748 | D27: 45777 | E27: 30 | F27: 45383 | G27: 45412 | H27: 30 | I27: 45632111922 | J27: 33943395728 | K27: 1778143 | L27: 1448591 | M27: =SUMIFS('Company_Daily_Audit'!$P$2:$P$1024,'Company_Daily_Audit'!$A$2:$A$1024,">="&C27,'Company_Daily_Audit'!$A$2:$A$1024,"<="&D27) | N27: =SUMIFS('Company_Daily_Audit'!$P$2:$P$1024,'Company_Daily_Audit'!$A$2:$A$1024,">="&F27,'Company_Daily_Audit'!$A$2:$A$1024,"<="&G27) | O27: =IFERROR(M27/N27-1,"") | P27: =SUMIFS('Company_Daily_Audit'!$M$2:$M$1024,'Company_Daily_Audit'!$A$2:$A$1024,">="&C27,'Company_Daily_Audit'!$A$2:$A$1024,"<="&D27) | Q27: =SUMIFS('Company_Daily_Audit'!$M$2:$M$1024,'Company_Daily_Audit'!$A$2:$A$1024,">="&F27,'Company_Daily_Audit'!$A$2:$A$1024,"<="&G27) | R27: =IFERROR(P27/Q27-1,"") | S27: Provided POS scope; total original retained
A28: Delivery | B28: 2025-05 | C28: 45778 | D28: 45808 | E28: 31 | F28: 45413 | G28: 45443 | H28: 31 | I28: 46075914252 | J28: 34174504735 | K28: 1760240 | L28: 1427218 | M28: =SUMIFS('Company_Daily_Audit'!$P$2:$P$1024,'Company_Daily_Audit'!$A$2:$A$1024,">="&C28,'Company_Daily_Audit'!$A$2:$A$1024,"<="&D28) | N28: =SUMIFS('Company_Daily_Audit'!$P$2:$P$1024,'Company_Daily_Audit'!$A$2:$A$1024,">="&F28,'Company_Daily_Audit'!$A$2:$A$1024,"<="&G28) | O28: =IFERROR(M28/N28-1,"") | P28: =SUMIFS('Company_Daily_Audit'!$M$2:$M$1024,'Company_Daily_Audit'!$A$2:$A$1024,">="&C28,'Company_Daily_Audit'!$A$2:$A$1024,"<="&D28) | Q28: =SUMIFS('Company_Daily_Audit'!$M$2:$M$1024,'Company_Daily_Audit'!$A$2:$A$1024,">="&F28,'Company_Daily_Audit'!$A$2:$A$1024,"<="&G28) | R28: =IFERROR(P28/Q28-1,"") | S28: Provided POS scope; total original retained
A29: Delivery | B29: 2025-06 | C29: 45809 | D29: 45838 | E29: 30 | F29: 45444 | G29: 45473 | H29: 30 | I29: 43525187448 | J29: 34611586957 | K29: 1727230 | L29: 1476783 | M29: =SUMIFS('Company_Daily_Audit'!$P$2:$P$1024,'Company_Daily_Audit'!$A$2:$A$1024,">="&C29,'Company_Daily_Audit'!$A$2:$A$1024,"<="&D29) | N29: =SUMIFS('Company_Daily_Audit'!$P$2:$P$1024,'Company_Daily_Audit'!$A$2:$A$1024,">="&F29,'Company_Daily_Audit'!$A$2:$A$1024,"<="&G29) | O29: =IFERROR(M29/N29-1,"") | P29: =SUMIFS('Company_Daily_Audit'!$M$2:$M$1024,'Company_Daily_Audit'!$A$2:$A$1024,">="&C29,'Company_Daily_Audit'!$A$2:$A$1024,"<="&D29) | Q29: =SUMIFS('Company_Daily_Audit'!$M$2:$M$1024,'Company_Daily_Audit'!$A$2:$A$1024,">="&F29,'Company_Daily_Audit'!$A$2:$A$1024,"<="&G29) | R29: =IFERROR(P29/Q29-1,"") | S29: Provided POS scope; total original retained
A30: Delivery | B30: 2025-07 | C30: 45839 | D30: 45869 | E30: 31 | F30: 45474 | G30: 45504 | H30: 31 | I30: 45591185085 | J30: 38515183394 | K30: 1788656 | L30: 1608370 | M30: =SUMIFS('Company_Daily_Audit'!$P$2:$P$1024,'Company_Daily_Audit'!$A$2:$A$1024,">="&C30,'Company_Daily_Audit'!$A$2:$A$1024,"<="&D30) | N30: =SUMIFS('Company_Daily_Audit'!$P$2:$P$1024,'Company_Daily_Audit'!$A$2:$A$1024,">="&F30,'Company_Daily_Audit'!$A$2:$A$1024,"<="&G30) | O30: =IFERROR(M30/N30-1,"") | P30: =SUMIFS('Company_Daily_Audit'!$M$2:$M$1024,'Company_Daily_Audit'!$A$2:$A$1024,">="&C30,'Company_Daily_Audit'!$A$2:$A$1024,"<="&D30) | Q30: =SUMIFS('Company_Daily_Audit'!$M$2:$M$1024,'Company_Daily_Audit'!$A$2:$A$1024,">="&F30,'Company_Daily_Audit'!$A$2:$A$1024,"<="&G30) | R30: =IFERROR(P30/Q30-1,"") | S30: Provided POS scope; total original retained
A31: Delivery | B31: 2025-08 | C31: 45870 | D31: 45900 | E31: 31 | F31: 45505 | G31: 45535 | H31: 31 | I31: 44884777039 | J31: 38975468872 | K31: 1808685 | L31: 1649531 | M31: =SUMIFS('Company_Daily_Audit'!$P$2:$P$1024,'Company_Daily_Audit'!$A$2:$A$1024,">="&C31,'Company_Daily_Audit'!$A$2:$A$1024,"<="&D31) | N31: =SUMIFS('Company_Daily_Audit'!$P$2:$P$1024,'Company_Daily_Audit'!$A$2:$A$1024,">="&F31,'Company_Daily_Audit'!$A$2:$A$1024,"<="&G31) | O31: =IFERROR(M31/N31-1,"") | P31: =SUMIFS('Company_Daily_Audit'!$M$2:$M$1024,'Company_Daily_Audit'!$A$2:$A$1024,">="&C31,'Company_Daily_Audit'!$A$2:$A$1024,"<="&D31) | Q31: =SUMIFS('Company_Daily_Audit'!$M$2:$M$1024,'Company_Daily_Audit'!$A$2:$A$1024,">="&F31,'Company_Daily_Audit'!$A$2:$A$1024,"<="&G31) | R31: =IFERROR(P31/Q31-1,"") | S31: Provided POS scope; total original retained
A32: Delivery | B32: 2025-09 | C32: 45901 | D32: 45930 | E32: 30 | F32: 45536 | G32: 45565 | H32: 30 | I32: 45888961051 | J32: 39149188030 | K32: 1849681 | L32: 1608083 | M32: =SUMIFS('Company_Daily_Audit'!$P$2:$P$1024,'Company_Daily_Audit'!$A$2:$A$1024,">="&C32,'Company_Daily_Audit'!$A$2:$A$1024,"<="&D32) | N32: =SUMIFS('Company_Daily_Audit'!$P$2:$P$1024,'Company_Daily_Audit'!$A$2:$A$1024,">="&F32,'Company_Daily_Audit'!$A$2:$A$1024,"<="&G32) | O32: =IFERROR(M32/N32-1,"") | P32: =SUMIFS('Company_Daily_Audit'!$M$2:$M$1024,'Company_Daily_Audit'!$A$2:$A$1024,">="&C32,'Company_Daily_Audit'!$A$2:$A$1024,"<="&D32) | Q32: =SUMIFS('Company_Daily_Audit'!$M$2:$M$1024,'Company_Daily_Audit'!$A$2:$A$1024,">="&F32,'Company_Daily_Audit'!$A$2:$A$1024,"<="&G32) | R32: =IFERROR(P32/Q32-1,"") | S32: Provided POS scope; total original retained
A33: Delivery | B33: 2025-10 | C33: 45931 | D33: 45961 | E33: 31 | F33: 45566 | G33: 45596 | H33: 31 | I33: 42987144518 | J33: 35995103940 | K33: 1638879 | L33: 1456617 | M33: =SUMIFS('Company_Daily_Audit'!$P$2:$P$1024,'Company_Daily_Audit'!$A$2:$A$1024,">="&C33,'Company_Daily_Audit'!$A$2:$A$1024,"<="&D33) | N33: =SUMIFS('Company_Daily_Audit'!$P$2:$P$1024,'Company_Daily_Audit'!$A$2:$A$1024,">="&F33,'Company_Daily_Audit'!$A$2:$A$1024,"<="&G33) | O33: =IFERROR(M33/N33-1,"") | P33: =SUMIFS('Company_Daily_Audit'!$M$2:$M$1024,'Company_Daily_Audit'!$A$2:$A$1024,">="&C33,'Company_Daily_Audit'!$A$2:$A$1024,"<="&D33) | Q33: =SUMIFS('Company_Daily_Audit'!$M$2:$M$1024,'Company_Daily_Audit'!$A$2:$A$1024,">="&F33,'Company_Daily_Audit'!$A$2:$A$1024,"<="&G33) | R33: =IFERROR(P33/Q33-1,"") | S33: Provided POS scope; total original retained
A34: Delivery | B34: 2025-11 | C34: 45962 | D34: 45991 | E34: 30 | F34: 45597 | G34: 45626 | H34: 30 | I34: 46219700749 | J34: 36382044006 | K34: 1759455 | L34: 1435363 | M34: =SUMIFS('Company_Daily_Audit'!$P$2:$P$1024,'Company_Daily_Audit'!$A$2:$A$1024,">="&C34,'Company_Daily_Audit'!$A$2:$A$1024,"<="&D34) | N34: =SUMIFS('Company_Daily_Audit'!$P$2:$P$1024,'Company_Daily_Audit'!$A$2:$A$1024,">="&F34,'Company_Daily_Audit'!$A$2:$A$1024,"<="&G34) | O34: =IFERROR(M34/N34-1,"") | P34: =SUMIFS('Company_Daily_Audit'!$M$2:$M$1024,'Company_Daily_Audit'!$A$2:$A$1024,">="&C34,'Company_Daily_Audit'!$A$2:$A$1024,"<="&D34) | Q34: =SUMIFS('Company_Daily_Audit'!$M$2:$M$1024,'Company_Daily_Audit'!$A$2:$A$1024,">="&F34,'Company_Daily_Audit'!$A$2:$A$1024,"<="&G34) | R34: =IFERROR(P34/Q34-1,"") | S34: Provided POS scope; total original retained
A35: Delivery | B35: 2025-12 | C35: 45992 | D35: 46022 | E35: 31 | F35: 45627 | G35: 45657 | H35: 31 | I35: 54404338369 | J35: 42966794085 | K35: 2074505 | L35: 1663172 | M35: =SUMIFS('Company_Daily_Audit'!$P$2:$P$1024,'Company_Daily_Audit'!$A$2:$A$1024,">="&C35,'Company_Daily_Audit'!$A$2:$A$1024,"<="&D35) | N35: =SUMIFS('Company_Daily_Audit'!$P$2:$P$1024,'Company_Daily_Audit'!$A$2:$A$1024,">="&F35,'Company_Daily_Audit'!$A$2:$A$1024,"<="&G35) | O35: =IFERROR(M35/N35-1,"") | P35: =SUMIFS('Company_Daily_Audit'!$M$2:$M$1024,'Company_Daily_Audit'!$A$2:$A$1024,">="&C35,'Company_Daily_Audit'!$A$2:$A$1024,"<="&D35) | Q35: =SUMIFS('Company_Daily_Audit'!$M$2:$M$1024,'Company_Daily_Audit'!$A$2:$A$1024,">="&F35,'Company_Daily_Audit'!$A$2:$A$1024,"<="&G35) | R35: =IFERROR(P35/Q35-1,"") | S35: Provided POS scope; total original retained
... A45: Delivery | B45: 2026-10 | C45: 46296 | D45: 46314 | E45: 19 | F45: 45931 | G45: 45949 | H45: 19 | I45: 30820495105 | J45: 21859587577 | K45: 1215630 | L45: 825107 | M45: =SUMIFS('Company_Daily_Audit'!$P$2:$P$1024,'Company_Daily_Audit'!$A$2:$A$1024,">="&C45,'Company_Daily_Audit'!$A$2:$A$1024,"<="&D45) | N45: =SUMIFS('Company_Daily_Audit'!$P$2:$P$1024,'Company_Daily_Audit'!$A$2:$A$1024,">="&F45,'Company_Daily_Audit'!$A$2:$A$1024,"<="&G45) | O45: =IFERROR(M45/N45-1,"") | P45: =SUMIFS('Company_Daily_Audit'!$M$2:$M$1024,'Company_Daily_Audit'!$A$2:$A$1024,">="&C45,'Company_Daily_Audit'!$A$2:$A$1024,"<="&D45) | Q45: =SUMIFS('Company_Daily_Audit'!$M$2:$M$1024,'Company_Daily_Audit'!$A$2:$A$1024,">="&F45,'Company_Daily_Audit'!$A$2:$A$1024,"<="&G45) | R45: =IFERROR(P45/Q45-1,"") | S45: Provided POS scope; total original retained
A46: In-store | B46: 2025-01 | C46: 45658 | D46: 45688 | E46: 31 | F46: 45292 | G46: 45322 | H46: 31 | I46: 14251949240 | J46: 13936563607 | K46: 1221689 | L46: 1313289 | M46: =SUMIFS('Company_Daily_Audit'!$N$2:$N$1024,'Company_Daily_Audit'!$A$2:$A$1024,">="&C46,'Company_Daily_Audit'!$A$2:$A$1024,"<="&D46) | N46: =SUMIFS('Company_Daily_Audit'!$N$2:$N$1024,'Company_Daily_Audit'!$A$2:$A$1024,">="&F46,'Company_Daily_Audit'!$A$2:$A$1024,"<="&G46) | O46: =IFERROR(M46/N46-1,"") | P46: =SUMIFS('Company_Daily_Audit'!$K$2:$K$1024,'Company_Daily_Audit'!$A$2:$A$1024,">="&C46,'Company_Daily_Audit'!$A$2:$A$1024,"<="&D46) | Q46: =SUMIFS('Company_Daily_Audit'!$K$2:$K$1024,'Company_Daily_Audit'!$A$2:$A$1024,">="&F46,'Company_Daily_Audit'!$A$2:$A$1024,"<="&G46) | R46: =IFERROR(P46/Q46-1,"") | S46: Provided POS scope; total original retained
A47: In-store | B47: 2025-02 | C47: 45689 | D47: 45716 | E47: 28 | F47: 45323 | G47: 45351 | H47: 29 | I47: 14593982835 | J47: 13529785289 | K47: 1242901 | L47: 1227081 | M47: =SUMIFS('Company_Daily_Audit'!$N$2:$N$1024,'Company_Daily_Audit'!$A$2:$A$1024,">="&C47,'Company_Daily_Audit'!$A$2:$A$1024,"<="&D47) | N47: =SUMIFS('Company_Daily_Audit'!$N$2:$N$1024,'Company_Daily_Audit'!$A$2:$A$1024,">="&F47,'Company_Daily_Audit'!$A$2:$A$1024,"<="&G47) | O47: =IFERROR(M47/N47-1,"") | P47: =SUMIFS('Company_Daily_Audit'!$K$2:$K$1024,'Company_Daily_Audit'!$A$2:$A$1024,">="&C47,'Company_Daily_Audit'!$A$2:$A$1024,"<="&D47) | Q47: =SUMIFS('Company_Daily_Audit'!$K$2:$K$1024,'Company_Daily_Audit'!$A$2:$A$1024,">="&F47,'Company_Daily_Audit'!$A$2:$A$1024,"<="&G47) | R47: =IFERROR(P47/Q47-1,"") | S47: Provided POS scope; total original retained
A48: In-store | B48: 2025-03 | C48: 45717 | D48: 45747 | E48: 31 | F48: 45352 | G48: 45382 | H48: 31 | I48: 18543085055 | J48: 16864364410 | K48: 1580329 | L48: 1575614 | M48: =SUMIFS('Company_Daily_Audit'!$N$2:$N$1024,'Company_Daily_Audit'!$A$2:$A$1024,">="&C48,'Company_Daily_Audit'!$A$2:$A$1024,"<="&D48) | N48: =SUMIFS('Company_Daily_Audit'!$N$2:$N$1024,'Company_Daily_Audit'!$A$2:$A$1024,">="&F48,'Company_Daily_Audit'!$A$2:$A$1024,"<="&G48) | O48: =IFERROR(M48/N48-1,"") | P48: =SUMIFS('Company_Daily_Audit'!$K$2:$K$1024,'Company_Daily_Audit'!$A$2:$A$1024,">="&C48,'Company_Daily_Audit'!$A$2:$A$1024,"<="&D48) | Q48: =SUMIFS('Company_Daily_Audit'!$K$2:$K$1024,'Company_Daily_Audit'!$A$2:$A$1024,">="&F48,'Company_Daily_Audit'!$A$2:$A$1024,"<="&G48) | R48: =IFERROR(P48/Q48-1,"") | S48: Provided POS scope; total original retained
A49: In-store | B49: 2025-04 | C49: 45748 | D49: 45777 | E49: 30 | F49: 45383 | G49: 45412 | H49: 30 | I49: 19038053951 | J49: 1.8630341e+10 | K49: 1598644 | L49: 1723368 | M49: =SUMIFS('Company_Daily_Audit'!$N$2:$N$1024,'Company_Daily_Audit'!$A$2:$A$1024,">="&C49,'Company_Daily_Audit'!$A$2:$A$1024,"<="&D49) | N49: =SUMIFS('Company_Daily_Audit'!$N$2:$N$1024,'Company_Daily_Audit'!$A$2:$A$1024,">="&F49,'Company_Daily_Audit'!$A$2:$A$1024,"<="&G49) | O49: =IFERROR(M49/N49-1,"") | P49: =SUMIFS('Company_Daily_Audit'!$K$2:$K$1024,'Company_Daily_Audit'!$A$2:$A$1024,">="&C49,'Company_Daily_Audit'!$A$2:$A$1024,"<="&D49) | Q49: =SUMIFS('Company_Daily_Audit'!$K$2:$K$1024,'Company_Daily_Audit'!$A$2:$A$1024,">="&F49,'Company_Daily_Audit'!$A$2:$A$1024,"<="&G49) | R49: =IFERROR(P49/Q49-1,"") | S49: Provided POS scope; total original retained
A50: In-store | B50: 2025-05 | C50: 45778 | D50: 45808 | E50: 31 | F50: 45413 | G50: 45443 | H50: 31 | I50: 18513796070 | J50: 1.8005978e+10 | K50: 1502977 | L50: 1618111 | M50: =SUMIFS('Company_Daily_Audit'!$N$2:$N$1024,'Company_Daily_Audit'!$A$2:$A$1024,">="&C50,'Company_Daily_Audit'!$A$2:$A$1024,"<="&D50) | N50: =SUMIFS('Company_Daily_Audit'!$N$2:$N$1024,'Company_Daily_Audit'!$A$2:$A$1024,">="&F50,'Company_Daily_Audit'!$A$2:$A$1024,"<="&G50) | O50: =IFERROR(M50/N50-1,"") | P50: =SUMIFS('Company_Daily_Audit'!$K$2:$K$1024,'Company_Daily_Audit'!$A$2:$A$1024,">="&C50,'Company_Daily_Audit'!$A$2:$A$1024,"<="&D50) | Q50: =SUMIFS('Company_Daily_Audit'!$K$2:$K$1024,'Company_Daily_Audit'!$A$2:$A$1024,">="&F50,'Company_Daily_Audit'!$A$2:$A$1024,"<="&G50) | R50: =IFERROR(P50/Q50-1,"") | S50: Provided POS scope; total original retained
A51: In-store | B51: 2025-06 | C51: 45809 | D51: 45838 | E51: 30 | F51: 45444 | G51: 45473 | H51: 30 | I51: 17033540419 | J51: 17094615250 | K51: 1450620 | L51: 1570423 | M51: =SUMIFS('Company_Daily_Audit'!$N$2:$N$1024,'Company_Daily_Audit'!$A$2:$A$1024,">="&C51,'Company_Daily_Audit'!$A$2:$A$1024,"<="&D51) | N51: =SUMIFS('Company_Daily_Audit'!$N$2:$N$1024,'Company_Daily_Audit'!$A$2:$A$1024,">="&F51,'Company_Daily_Audit'!$A$2:$A$1024,"<="&G51) | O51: =IFERROR(M51/N51-1,"") | P51: =SUMIFS('Company_Daily_Audit'!$K$2:$K$1024,'Company_Daily_Audit'!$A$2:$A$1024,">="&C51,'Company_Daily_Audit'!$A$2:$A$1024,"<="&D51) | Q51: =SUMIFS('Company_Daily_Audit'!$K$2:$K$1024,'Company_Daily_Audit'!$A$2:$A$1024,">="&F51,'Company_Daily_Audit'!$A$2:$A$1024,"<="&G51) | R51: =IFERROR(P51/Q51-1,"") | S51: Provided POS scope; total original retained
A52: In-store | B52: 2025-07 | C52: 45839 | D52: 45869 | E52: 31 | F52: 45474 | G52: 45504 | H52: 31 | I52: 16598388032 | J52: 15963977810 | K52: 1388269 | L52: 1452853 | M52: =SUMIFS('Company_Daily_Audit'!$N$2:$N$1024,'Company_Daily_Audit'!$A$2:$A$1024,">="&C52,'Company_Daily_Audit'!$A$2:$A$1024,"<="&D52) | N52: =SUMIFS('Company_Daily_Audit'!$N$2:$N$1024,'Company_Daily_Audit'!$A$2:$A$1024,">="&F52,'Company_Daily_Audit'!$A$2:$A$1024,"<="&G52) | O52: =IFERROR(M52/N52-1,"") | P52: =SUMIFS('Company_Daily_Audit'!$K$2:$K$1024,'Company_Daily_Audit'!$A$2:$A$1024,">="&C52,'Company_Daily_Audit'!$A$2:$A$1024,"<="&D52) | Q52: =SUMIFS('Company_Daily_Audit'!$K$2:$K$1024,'Company_Daily_Audit'!$A$2:$A$1024,">="&F52,'Company_Daily_Audit'!$A$2:$A$1024,"<="&G52) | R52: =IFERROR(P52/Q52-1,"") | S52: Provided POS scope; total original retained
A53: In-store | B53: 2025-08 | C53: 45870 | D53: 45900 | E53: 31 | F53: 45505 | G53: 45535 | H53: 31 | I53: 16194445974 | J53: 15781464946 | K53: 1359061 | L53: 1442800 | M53: =SUMIFS('Company_Daily_Audit'!$N$2:$N$1024,'Company_Daily_Audit'!$A$2:$A$1024,">="&C53,'Company_Daily_Audit'!$A$2:$A$1024,"<="&D53) | N53: =SUMIFS('Company_Daily_Audit'!$N$2:$N$1024,'Company_Daily_Audit'!$A$2:$A$1024,">="&F53,'Company_Daily_Audit'!$A$2:$A$1024,"<="&G53) | O53: =IFERROR(M53/N53-1,"") | P53: =SUMIFS('Company_Daily_Audit'!$K$2:$K$1024,'Company_Daily_Audit'!$A$2:$A$1024,">="&C53,'Company_Daily_Audit'!$A$2:$A$1024,"<="&D53) | Q53: =SUMIFS('Company_Daily_Audit'!$K$2:$K$1024,'Company_Daily_Audit'!$A$2:$A$1024,">="&F53,'Company_Daily_Audit'!$A$2:$A$1024,"<="&G53) | R53: =IFERROR(P53/Q53-1,"") | S53: Provided POS scope; total original retained
A54: In-store | B54: 2025-09 | C54: 45901 | D54: 45930 | E54: 30 | F54: 45536 | G54: 45565 | H54: 30 | I54: 18184547318 | J54: 17345733427 | K54: 1519628 | L54: 1550810 | M54: =SUMIFS('Company_Daily_Audit'!$N$2:$N$1024,'Company_Daily_Audit'!$A$2:$A$1024,">="&C54,'Company_Daily_Audit'!$A$2:$A$1024,"<="&D54) | N54: =SUMIFS('Company_Daily_Audit'!$N$2:$N$1024,'Company_Daily_Audit'!$A$2:$A$1024,">="&F54,'Company_Daily_Audit'!$A$2:$A$1024,"<="&G54) | O54: =IFERROR(M54/N54-1,"") | P54: =SUMIFS('Company_Daily_Audit'!$K$2:$K$1024,'Company_Daily_Audit'!$A$2:$A$1024,">="&C54,'Company_Daily_Audit'!$A$2:$A$1024,"<="&D54) | Q54: =SUMIFS('Company_Daily_Audit'!$K$2:$K$1024,'Company_Daily_Audit'!$A$2:$A$1024,">="&F54,'Company_Daily_Audit'!$A$2:$A$1024,"<="&G54) | R54: =IFERROR(P54/Q54-1,"") | S54: Provided POS scope; total original retained
A55: In-store | B55: 2025-10 | C55: 45931 | D55: 45961 | E55: 31 | F55: 45566 | G55: 45596 | H55: 31 | I55: 18956213412 | J55: 18616932000 | K55: 1529188 | L55: 1655581 | M55: =SUMIFS('Company_Daily_Audit'!$N$2:$N$1024,'Company_Daily_Audit'!$A$2:$A$1024,">="&C55,'Company_Daily_Audit'!$A$2:$A$1024,"<="&D55) | N55: =SUMIFS('Company_Daily_Audit'!$N$2:$N$1024,'Company_Daily_Audit'!$A$2:$A$1024,">="&F55,'Company_Daily_Audit'!$A$2:$A$1024,"<="&G55) | O55: =IFERROR(M55/N55-1,"") | P55: =SUMIFS('Company_Daily_Audit'!$K$2:$K$1024,'Company_Daily_Audit'!$A$2:$A$1024,">="&C55,'Company_Daily_Audit'!$A$2:$A$1024,"<="&D55) | Q55: =SUMIFS('Company_Daily_Audit'!$K$2:$K$1024,'Company_Daily_Audit'!$A$2:$A$1024,">="&F55,'Company_Daily_Audit'!$A$2:$A$1024,"<="&G55) | R55: =IFERROR(P55/Q55-1,"") | S55: Provided POS scope; total original retained
A56: In-store | B56: 2025-11 | C56: 45962 | D56: 45991 | E56: 30 | F56: 45597 | G56: 45626 | H56: 30 | I56: 18249408099 | J56: 17387392390 | K56: 1493612 | L56: 1480969 | M56: =SUMIFS('Company_Daily_Audit'!$N$2:$N$1024,'Company_Daily_Audit'!$A$2:$A$1024,">="&C56,'Company_Daily_Audit'!$A$2:$A$1024,"<="&D56) | N56: =SUMIFS('Company_Daily_Audit'!$N$2:$N$1024,'Company_Daily_Audit'!$A$2:$A$1024,">="&F56,'Company_Daily_Audit'!$A$2:$A$1024,"<="&G56) | O56: =IFERROR(M56/N56-1,"") | P56: =SUMIFS('Company_Daily_Audit'!$K$2:$K$1024,'Company_Daily_Audit'!$A$2:$A$1024,">="&C56,'Company_Daily_Audit'!$A$2:$A$1024,"<="&D56) | Q56: =SUMIFS('Company_Daily_Audit'!$K$2:$K$1024,'Company_Daily_Audit'!$A$2:$A$1024,">="&F56,'Company_Daily_Audit'!$A$2:$A$1024,"<="&G56) | R56: =IFERROR(P56/Q56-1,"") | S56: Provided POS scope; total original retained
A57: In-store | B57: 2025-12 | C57: 45992 | D57: 46022 | E57: 31 | F57: 45627 | G57: 45657 | H57: 31 | I57: 17498391270 | J57: 17244716329 | K57: 1391071 | L57: 1425057 | M57: =SUMIFS('Company_Daily_Audit'!$N$2:$N$1024,'Company_Daily_Audit'!$A$2:$A$1024,">="&C57,'Company_Daily_Audit'!$A$2:$A$1024,"<="&D57) | N57: =SUMIFS('Company_Daily_Audit'!$N$2:$N$1024,'Company_Daily_Audit'!$A$2:$A$1024,">="&F57,'Company_Daily_Audit'!$A$2:$A$1024,"<="&G57) | O57: =IFERROR(M57/N57-1,"") | P57: =SUMIFS('Company_Daily_Audit'!$K$2:$K$1024,'Company_Daily_Audit'!$A$2:$A$1024,">="&C57,'Company_Daily_Audit'!$A$2:$A$1024,"<="&D57) | Q57: =SUMIFS('Company_Daily_Audit'!$K$2:$K$1024,'Company_Daily_Audit'!$A$2:$A$1024,">="&F57,'Company_Daily_Audit'!$A$2:$A$1024,"<="&G57) | R57: =IFERROR(P57/Q57-1,"") | S57: Provided POS scope; total original retained
... A67: In-store | B67: 2026-10 | C67: 46296 | D67: 46314 | E67: 19 | F67: 45931 | G67: 45949 | H67: 19 | I67: 11015322405 | J67: 11283596237 | K67: 913886 | L67: 900845 | M67: =SUMIFS('Company_Daily_Audit'!$N$2:$N$1024,'Company_Daily_Audit'!$A$2:$A$1024,">="&C67,'Company_Daily_Audit'!$A$2:$A$1024,"<="&D67) | N67: =SUMIFS('Company_Daily_Audit'!$N$2:$N$1024,'Company_Daily_Audit'!$A$2:$A$1024,">="&F67,'Company_Daily_Audit'!$A$2:$A$1024,"<="&G67) | O67: =IFERROR(M67/N67-1,"") | P67: =SUMIFS('Company_Daily_Audit'!$K$2:$K$1024,'Company_Daily_Audit'!$A$2:$A$1024,">="&C67,'Company_Daily_Audit'!$A$2:$A$1024,"<="&D67) | Q67: =SUMIFS('Company_Daily_Audit'!$K$2:$K$1024,'Company_Daily_Audit'!$A$2:$A$1024,">="&F67,'Company_Daily_Audit'!$A$2:$A$1024,"<="&G67) | R67: =IFERROR(P67/Q67-1,"") | S67: Provided POS scope; total original retained
A68: Takeaway | B68: 2025-01 | C68: 45658 | D68: 45688 | E68: 31 | F68: 45292 | G68: 45322 | H68: 31 | I68: 18090762112 | J68: 17915859453 | K68: 1296357 | L68: 1417969 | M68: =SUMIFS('Company_Daily_Audit'!$O$2:$O$1024,'Company_Daily_Audit'!$A$2:$A$1024,">="&C68,'Company_Daily_Audit'!$A$2:$A$1024,"<="&D68) | N68: =SUMIFS('Company_Daily_Audit'!$O$2:$O$1024,'Company_Daily_Audit'!$A$2:$A$1024,">="&F68,'Company_Daily_Audit'!$A$2:$A$1024,"<="&G68) | O68: =IFERROR(M68/N68-1,"") | P68: =SUMIFS('Company_Daily_Audit'!$L$2:$L$1024,'Company_Daily_Audit'!$A$2:$A$1024,">="&C68,'Company_Daily_Audit'!$A$2:$A$1024,"<="&D68) | Q68: =SUMIFS('Company_Daily_Audit'!$L$2:$L$1024,'Company_Daily_Audit'!$A$2:$A$1024,">="&F68,'Company_Daily_Audit'!$A$2:$A$1024,"<="&G68) | R68: =IFERROR(P68/Q68-1,"") | S68: Provided POS scope; total original retained
A69: Takeaway | B69: 2025-02 | C69: 45689 | D69: 45716 | E69: 28 | F69: 45323 | G69: 45351 | H69: 29 | I69: 17885185304 | J69: 16812864194 | K69: 1277997 | L69: 1297062 | M69: =SUMIFS('Company_Daily_Audit'!$O$2:$O$1024,'Company_Daily_Audit'!$A$2:$A$1024,">="&C69,'Company_Daily_Audit'!$A$2:$A$1024,"<="&D69) | N69: =SUMIFS('Company_Daily_Audit'!$O$2:$O$1024,'Company_Daily_Audit'!$A$2:$A$1024,">="&F69,'Company_Daily_Audit'!$A$2:$A$1024,"<="&G69) | O69: =IFERROR(M69/N69-1,"") | P69: =SUMIFS('Company_Daily_Audit'!$L$2:$L$1024,'Company_Daily_Audit'!$A$2:$A$1024,">="&C69,'Company_Daily_Audit'!$A$2:$A$1024,"<="&D69) | Q69: =SUMIFS('Company_Daily_Audit'!$L$2:$L$1024,'Company_Daily_Audit'!$A$2:$A$1024,">="&F69,'Company_Daily_Audit'!$A$2:$A$1024,"<="&G69) | R69: =IFERROR(P69/Q69-1,"") | S69: Provided POS scope; total original retained
A70: Takeaway | B70: 2025-03 | C70: 45717 | D70: 45747 | E70: 31 | F70: 45352 | G70: 45382 | H70: 31 | I70: 20840281740 | J70: 18964913498 | K70: 1500447 | L70: 1504905 | M70: =SUMIFS('Company_Daily_Audit'!$O$2:$O$1024,'Company_Daily_Audit'!$A$2:$A$1024,">="&C70,'Company_Daily_Audit'!$A$2:$A$1024,"<="&D70) | N70: =SUMIFS('Company_Daily_Audit'!$O$2:$O$1024,'Company_Daily_Audit'!$A$2:$A$1024,">="&F70,'Company_Daily_Audit'!$A$2:$A$1024,"<="&G70) | O70: =IFERROR(M70/N70-1,"") | P70: =SUMIFS('Company_Daily_Audit'!$L$2:$L$1024,'Company_Daily_Audit'!$A$2:$A$1024,">="&C70,'Company_Daily_Audit'!$A$2:$A$1024,"<="&D70) | Q70: =SUMIFS('Company_Daily_Audit'!$L$2:$L$1024,'Company_Daily_Audit'!$A$2:$A$1024,">="&F70,'Company_Daily_Audit'!$A$2:$A$1024,"<="&G70) | R70: =IFERROR(P70/Q70-1,"") | S70: Provided POS scope; total original retained
A71: Takeaway | B71: 2025-04 | C71: 45748 | D71: 45777 | E71: 30 | F71: 45383 | G71: 45412 | H71: 30 | I71: 20954046695 | J71: 1.9724172e+10 | K71: 1495160 | L71: 1579874 | M71: =SUMIFS('Company_Daily_Audit'!$O$2:$O$1024,'Company_Daily_Audit'!$A$2:$A$1024,">="&C71,'Company_Daily_Audit'!$A$2:$A$1024,"<="&D71) | N71: =SUMIFS('Company_Daily_Audit'!$O$2:$O$1024,'Company_Daily_Audit'!$A$2:$A$1024,">="&F71,'Company_Daily_Audit'!$A$2:$A$1024,"<="&G71) | O71: =IFERROR(M71/N71-1,"") | P71: =SUMIFS('Company_Daily_Audit'!$L$2:$L$1024,'Company_Daily_Audit'!$A$2:$A$1024,">="&C71,'Company_Daily_Audit'!$A$2:$A$1024,"<="&D71) | Q71: =SUMIFS('Company_Daily_Audit'!$L$2:$L$1024,'Company_Daily_Audit'!$A$2:$A$1024,">="&F71,'Company_Daily_Audit'!$A$2:$A$1024,"<="&G71) | R71: =IFERROR(P71/Q71-1,"") | S71: Provided POS scope; total original retained
A72: Takeaway | B72: 2025-05 | C72: 45778 | D72: 45808 | E72: 31 | F72: 45413 | G72: 45443 | H72: 31 | I72: 20110626528 | J72: 1.912593e+10 | K72: 1414149 | L72: 1505677 | M72: =SUMIFS('Company_Daily_Audit'!$O$2:$O$1024,'Company_Daily_Audit'!$A$2:$A$1024,">="&C72,'Company_Daily_Audit'!$A$2:$A$1024,"<="&D72) | N72: =SUMIFS('Company_Daily_Audit'!$O$2:$O$1024,'Company_Daily_Audit'!$A$2:$A$1024,">="&F72,'Company_Daily_Audit'!$A$2:$A$1024,"<="&G72) | O72: =IFERROR(M72/N72-1,"") | P72: =SUMIFS('Company_Daily_Audit'!$L$2:$L$1024,'Company_Daily_Audit'!$A$2:$A$1024,">="&C72,'Company_Daily_Audit'!$A$2:$A$1024,"<="&D72) | Q72: =SUMIFS('Company_Daily_Audit'!$L$2:$L$1024,'Company_Daily_Audit'!$A$2:$A$1024,">="&F72,'Company_Daily_Audit'!$A$2:$A$1024,"<="&G72) | R72: =IFERROR(P72/Q72-1,"") | S72: Provided POS scope; total original retained
A73: Takeaway | B73: 2025-06 | C73: 45809 | D73: 45838 | E73: 30 | F73: 45444 | G73: 45473 | H73: 30 | I73: 18181153874 | J73: 18129164880 | K73: 1347783 | L73: 1425322 | M73: =SUMIFS('Company_Daily_Audit'!$O$2:$O$1024,'Company_Daily_Audit'!$A$2:$A$1024,">="&C73,'Company_Daily_Audit'!$A$2:$A$1024,"<="&D73) | N73: =SUMIFS('Company_Daily_Audit'!$O$2:$O$1024,'Company_Daily_Audit'!$A$2:$A$1024,">="&F73,'Company_Daily_Audit'!$A$2:$A$1024,"<="&G73) | O73: =IFERROR(M73/N73-1,"") | P73: =SUMIFS('Company_Daily_Audit'!$L$2:$L$1024,'Company_Daily_Audit'!$A$2:$A$1024,">="&C73,'Company_Daily_Audit'!$A$2:$A$1024,"<="&D73) | Q73: =SUMIFS('Company_Daily_Audit'!$L$2:$L$1024,'Company_Daily_Audit'!$A$2:$A$1024,">="&F73,'Company_Daily_Audit'!$A$2:$A$1024,"<="&G73) | R73: =IFERROR(P73/Q73-1,"") | S73: Provided POS scope; total original retained
A74: Takeaway | B74: 2025-07 | C74: 45839 | D74: 45869 | E74: 31 | F74: 45474 | G74: 45504 | H74: 31 | I74: 18452497584 | J74: 17965461326 | K74: 1310557 | L74: 1380605 | M74: =SUMIFS('Company_Daily_Audit'!$O$2:$O$1024,'Company_Daily_Audit'!$A$2:$A$1024,">="&C74,'Company_Daily_Audit'!$A$2:$A$1024,"<="&D74) | N74: =SUMIFS('Company_Daily_Audit'!$O$2:$O$1024,'Company_Daily_Audit'!$A$2:$A$1024,">="&F74,'Company_Daily_Audit'!$A$2:$A$1024,"<="&G74) | O74: =IFERROR(M74/N74-1,"") | P74: =SUMIFS('Company_Daily_Audit'!$L$2:$L$1024,'Company_Daily_Audit'!$A$2:$A$1024,">="&C74,'Company_Daily_Audit'!$A$2:$A$1024,"<="&D74) | Q74: =SUMIFS('Company_Daily_Audit'!$L$2:$L$1024,'Company_Daily_Audit'!$A$2:$A$1024,">="&F74,'Company_Daily_Audit'!$A$2:$A$1024,"<="&G74) | R74: =IFERROR(P74/Q74-1,"") | S74: Provided POS scope; total original retained
A75: Takeaway | B75: 2025-08 | C75: 45870 | D75: 45900 | E75: 31 | F75: 45505 | G75: 45535 | H75: 31 | I75: 19236478723 | J75: 18342400005 | K75: 1342768 | L75: 1390938 | M75: =SUMIFS('Company_Daily_Audit'!$O$2:$O$1024,'Company_Daily_Audit'!$A$2:$A$1024,">="&C75,'Company_Daily_Audit'!$A$2:$A$1024,"<="&D75) | N75: =SUMIFS('Company_Daily_Audit'!$O$2:$O$1024,'Company_Daily_Audit'!$A$2:$A$1024,">="&F75,'Company_Daily_Audit'!$A$2:$A$1024,"<="&G75) | O75: =IFERROR(M75/N75-1,"") | P75: =SUMIFS('Company_Daily_Audit'!$L$2:$L$1024,'Company_Daily_Audit'!$A$2:$A$1024,">="&C75,'Company_Daily_Audit'!$A$2:$A$1024,"<="&D75) | Q75: =SUMIFS('Company_Daily_Audit'!$L$2:$L$1024,'Company_Daily_Audit'!$A$2:$A$1024,">="&F75,'Company_Daily_Audit'!$A$2:$A$1024,"<="&G75) | R75: =IFERROR(P75/Q75-1,"") | S75: Provided POS scope; total original retained
A76: Takeaway | B76: 2025-09 | C76: 45901 | D76: 45930 | E76: 30 | F76: 45536 | G76: 45565 | H76: 30 | I76: 19297145725 | J76: 18688734571 | K76: 1375890 | L76: 1409550 | M76: =SUMIFS('Company_Daily_Audit'!$O$2:$O$1024,'Company_Daily_Audit'!$A$2:$A$1024,">="&C76,'Company_Daily_Audit'!$A$2:$A$1024,"<="&D76) | N76: =SUMIFS('Company_Daily_Audit'!$O$2:$O$1024,'Company_Daily_Audit'!$A$2:$A$1024,">="&F76,'Company_Daily_Audit'!$A$2:$A$1024,"<="&G76) | O76: =IFERROR(M76/N76-1,"") | P76: =SUMIFS('Company_Daily_Audit'!$L$2:$L$1024,'Company_Daily_Audit'!$A$2:$A$1024,">="&C76,'Company_Daily_Audit'!$A$2:$A$1024,"<="&D76) | Q76: =SUMIFS('Company_Daily_Audit'!$L$2:$L$1024,'Company_Daily_Audit'!$A$2:$A$1024,">="&F76,'Company_Daily_Audit'!$A$2:$A$1024,"<="&G76) | R76: =IFERROR(P76/Q76-1,"") | S76: Provided POS scope; total original retained
A77: Takeaway | B77: 2025-10 | C77: 45931 | D77: 45961 | E77: 31 | F77: 45566 | G77: 45596 | H77: 31 | I77: 19896082194 | J77: 20091935652 | K77: 1381102 | L77: 1552139 | M77: =SUMIFS('Company_Daily_Audit'!$O$2:$O$1024,'Company_Daily_Audit'!$A$2:$A$1024,">="&C77,'Company_Daily_Audit'!$A$2:$A$1024,"<="&D77) | N77: =SUMIFS('Company_Daily_Audit'!$O$2:$O$1024,'Company_Daily_Audit'!$A$2:$A$1024,">="&F77,'Company_Daily_Audit'!$A$2:$A$1024,"<="&G77) | O77: =IFERROR(M77/N77-1,"") | P77: =SUMIFS('Company_Daily_Audit'!$L$2:$L$1024,'Company_Daily_Audit'!$A$2:$A$1024,">="&C77,'Company_Daily_Audit'!$A$2:$A$1024,"<="&D77) | Q77: =SUMIFS('Company_Daily_Audit'!$L$2:$L$1024,'Company_Daily_Audit'!$A$2:$A$1024,">="&F77,'Company_Daily_Audit'!$A$2:$A$1024,"<="&G77) | R77: =IFERROR(P77/Q77-1,"") | S77: Provided POS scope; total original retained
A78: Takeaway | B78: 2025-11 | C78: 45962 | D78: 45991 | E78: 30 | F78: 45597 | G78: 45626 | H78: 30 | I78: 19849576982 | J78: 19125254300 | K78: 1389211 | L78: 1413426 | M78: =SUMIFS('Company_Daily_Audit'!$O$2:$O$1024,'Company_Daily_Audit'!$A$2:$A$1024,">="&C78,'Company_Daily_Audit'!$A$2:$A$1024,"<="&D78) | N78: =SUMIFS('Company_Daily_Audit'!$O$2:$O$1024,'Company_Daily_Audit'!$A$2:$A$1024,">="&F78,'Company_Daily_Audit'!$A$2:$A$1024,"<="&G78) | O78: =IFERROR(M78/N78-1,"") | P78: =SUMIFS('Company_Daily_Audit'!$L$2:$L$1024,'Company_Daily_Audit'!$A$2:$A$1024,">="&C78,'Company_Daily_Audit'!$A$2:$A$1024,"<="&D78) | Q78: =SUMIFS('Company_Daily_Audit'!$L$2:$L$1024,'Company_Daily_Audit'!$A$2:$A$1024,">="&F78,'Company_Daily_Audit'!$A$2:$A$1024,"<="&G78) | R78: =IFERROR(P78/Q78-1,"") | S78: Provided POS scope; total original retained
A79: Takeaway | B79: 2025-12 | C79: 45992 | D79: 46022 | E79: 31 | F79: 45627 | G79: 45657 | H79: 31 | I79: 18877175708 | J79: 19324874295 | K79: 1300721 | L79: 1401222 | M79: =SUMIFS('Company_Daily_Audit'!$O$2:$O$1024,'Company_Daily_Audit'!$A$2:$A$1024,">="&C79,'Company_Daily_Audit'!$A$2:$A$1024,"<="&D79) | N79: =SUMIFS('Company_Daily_Audit'!$O$2:$O$1024,'Company_Daily_Audit'!$A$2:$A$1024,">="&F79,'Company_Daily_Audit'!$A$2:$A$1024,"<="&G79) | O79: =IFERROR(M79/N79-1,"") | P79: =SUMIFS('Company_Daily_Audit'!$L$2:$L$1024,'Company_Daily_Audit'!$A$2:$A$1024,">="&C79,'Company_Daily_Audit'!$A$2:$A$1024,"<="&D79) | Q79: =SUMIFS('Company_Daily_Audit'!$L$2:$L$1024,'Company_Daily_Audit'!$A$2:$A$1024,">="&F79,'Company_Daily_Audit'!$A$2:$A$1024,"<="&G79) | R79: =IFERROR(P79/Q79-1,"") | S79: Provided POS scope; total original retained
... A89: Takeaway | B89: 2026-10 | C89: 46296 | D89: 46314 | E89: 19 | F89: 45931 | G89: 45949 | H89: 19 | I89: 10347455047 | J89: 11901594879 | K89: 751863 | L89: 814220 | M89: =SUMIFS('Company_Daily_Audit'!$O$2:$O$1024,'Company_Daily_Audit'!$A$2:$A$1024,">="&C89,'Company_Daily_Audit'!$A$2:$A$1024,"<="&D89) | N89: =SUMIFS('Company_Daily_Audit'!$O$2:$O$1024,'Company_Daily_Audit'!$A$2:$A$1024,">="&F89,'Company_Daily_Audit'!$A$2:$A$1024,"<="&G89) | O89: =IFERROR(M89/N89-1,"") | P89: =SUMIFS('Company_Daily_Audit'!$L$2:$L$1024,'Company_Daily_Audit'!$A$2:$A$1024,">="&C89,'Company_Daily_Audit'!$A$2:$A$1024,"<="&D89) | Q89: =SUMIFS('Company_Daily_Audit'!$L$2:$L$1024,'Company_Daily_Audit'!$A$2:$A$1024,">="&F89,'Company_Daily_Audit'!$A$2:$A$1024,"<="&G89) | R89: =IFERROR(P89/Q89-1,"") | S89: Provided POS scope; total original retained

Sheet Company_Windows
A1: Window | B1: Channel | C1: Current start | D1: Current end | E1: Prior start | F1: Prior end | G1: Days | H1: Model sales cur | I1: Model sales prior | J1: Calc sales cur | K1: Calc sales prior | L1: Sales YoY | M1: Model TC cur | N1: Model TC prior | O1: Calc TC cur | P1: Calc TC prior | Q1: TC YoY | R1: Limit
A2: 1~8월 | B2: Total | C2: 46023 | D2: 46265 | E2: 45658 | F2: 45900 | G2: 243 | H2: 680389298528 | I2: 652559087466 | J2: =SUMIFS('Company_Daily_Audit'!$E$2:$E$1024,'Company_Daily_Audit'!$A$2:$A$1024,">="&C2,'Company_Daily_Audit'!$A$2:$A$1024,"<="&D2) | K2: =SUMIFS('Company_Daily_Audit'!$E$2:$E$1024,'Company_Daily_Audit'!$A$2:$A$1024,">="&E2,'Company_Daily_Audit'!$A$2:$A$1024,"<="&F2) | L2: =IFERROR(J2/K2-1,"") | M2: 37180480 | N2: 36761233 | O2: =SUMIFS('Company_Daily_Audit'!$F$2:$F$1024,'Company_Daily_Audit'!$A$2:$A$1024,">="&C2,'Company_Daily_Audit'!$A$2:$A$1024,"<="&D2) | P2: =SUMIFS('Company_Daily_Audit'!$F$2:$F$1024,'Company_Daily_Audit'!$A$2:$A$1024,">="&E2,'Company_Daily_Audit'!$A$2:$A$1024,"<="&F2) | Q2: =IFERROR(O2/P2-1,"") | R2: No share/outperformance/causality; delivery POS != market online
A3: 1~8월 | B3: Delivery | C3: 46023 | D3: 46265 | E3: 45658 | F3: 45900 | G3: 243 | H3: 399698644632 | I3: 364040813330 | J3: =SUMIFS('Company_Daily_Audit'!$P$2:$P$1024,'Company_Daily_Audit'!$A$2:$A$1024,">="&C3,'Company_Daily_Audit'!$A$2:$A$1024,"<="&D3) | K3: =SUMIFS('Company_Daily_Audit'!$P$2:$P$1024,'Company_Daily_Audit'!$A$2:$A$1024,">="&E3,'Company_Daily_Audit'!$A$2:$A$1024,"<="&F3) | L3: =IFERROR(J3/K3-1,"") | M3: 15616526 | N3: 14431525 | O3: =SUMIFS('Company_Daily_Audit'!$M$2:$M$1024,'Company_Daily_Audit'!$A$2:$A$1024,">="&C3,'Company_Daily_Audit'!$A$2:$A$1024,"<="&D3) | P3: =SUMIFS('Company_Daily_Audit'!$M$2:$M$1024,'Company_Daily_Audit'!$A$2:$A$1024,">="&E3,'Company_Daily_Audit'!$A$2:$A$1024,"<="&F3) | Q3: =IFERROR(O3/P3-1,"") | R3: No share/outperformance/causality; delivery POS != market online
A4: 8월 | B4: Total | C4: 46235 | D4: 46265 | E4: 45870 | F4: 45900 | G4: 31 | H4: 78995437146 | I4: 80315701736 | J4: =SUMIFS('Company_Daily_Audit'!$E$2:$E$1024,'Company_Daily_Audit'!$A$2:$A$1024,">="&C4,'Company_Daily_Audit'!$A$2:$A$1024,"<="&D4) | K4: =SUMIFS('Company_Daily_Audit'!$E$2:$E$1024,'Company_Daily_Audit'!$A$2:$A$1024,">="&E4,'Company_Daily_Audit'!$A$2:$A$1024,"<="&F4) | L4: =IFERROR(J4/K4-1,"") | M4: 4287953 | N4: 4510514 | O4: =SUMIFS('Company_Daily_Audit'!$F$2:$F$1024,'Company_Daily_Audit'!$A$2:$A$1024,">="&C4,'Company_Daily_Audit'!$A$2:$A$1024,"<="&D4) | P4: =SUMIFS('Company_Daily_Audit'!$F$2:$F$1024,'Company_Daily_Audit'!$A$2:$A$1024,">="&E4,'Company_Daily_Audit'!$A$2:$A$1024,"<="&F4) | Q4: =IFERROR(O4/P4-1,"") | R4: No share/outperformance/causality; delivery POS != market online
A5: 8월 | B5: Delivery | C5: 46235 | D5: 46265 | E5: 45870 | F5: 45900 | G5: 31 | H5: 46666082880 | I5: 44884777039 | J5: =SUMIFS('Company_Daily_Audit'!$P$2:$P$1024,'Company_Daily_Audit'!$A$2:$A$1024,">="&C5,'Company_Daily_Audit'!$A$2:$A$1024,"<="&D5) | K5: =SUMIFS('Company_Daily_Audit'!$P$2:$P$1024,'Company_Daily_Audit'!$A$2:$A$1024,">="&E5,'Company_Daily_Audit'!$A$2:$A$1024,"<="&F5) | L5: =IFERROR(J5/K5-1,"") | M5: 1821078 | N5: 1808685 | O5: =SUMIFS('Company_Daily_Audit'!$M$2:$M$1024,'Company_Daily_Audit'!$A$2:$A$1024,">="&C5,'Company_Daily_Audit'!$A$2:$A$1024,"<="&D5) | P5: =SUMIFS('Company_Daily_Audit'!$M$2:$M$1024,'Company_Daily_Audit'!$A$2:$A$1024,">="&E5,'Company_Daily_Audit'!$A$2:$A$1024,"<="&F5) | Q5: =IFERROR(O5/P5-1,"") | R5: No share/outperformance/causality; delivery POS != market online
A6: 9월 | B6: Total | C6: 46266 | D6: 46295 | E6: 45901 | F6: 45930 | G6: 30 | H6: 85296201063 | I6: 83370654094 | J6: =SUMIFS('Company_Daily_Audit'!$E$2:$E$1024,'Company_Daily_Audit'!$A$2:$A$1024,">="&C6,'Company_Daily_Audit'!$A$2:$A$1024,"<="&D6) | K6: =SUMIFS('Company_Daily_Audit'!$E$2:$E$1024,'Company_Daily_Audit'!$A$2:$A$1024,">="&E6,'Company_Daily_Audit'!$A$2:$A$1024,"<="&F6) | L6: =IFERROR(J6/K6-1,"") | M6: 4561389 | N6: 4745199 | O6: =SUMIFS('Company_Daily_Audit'!$F$2:$F$1024,'Company_Daily_Audit'!$A$2:$A$1024,">="&C6,'Company_Daily_Audit'!$A$2:$A$1024,"<="&D6) | P6: =SUMIFS('Company_Daily_Audit'!$F$2:$F$1024,'Company_Daily_Audit'!$A$2:$A$1024,">="&E6,'Company_Daily_Audit'!$A$2:$A$1024,"<="&F6) | Q6: =IFERROR(O6/P6-1,"") | R6: No share/outperformance/causality; delivery POS != market online
A7: 9월 | B7: Delivery | C7: 46266 | D7: 46295 | E7: 45901 | F7: 45930 | G7: 30 | H7: 48289029778 | I7: 45888961051 | J7: =SUMIFS('Company_Daily_Audit'!$P$2:$P$1024,'Company_Daily_Audit'!$A$2:$A$1024,">="&C7,'Company_Daily_Audit'!$A$2:$A$1024,"<="&D7) | K7: =SUMIFS('Company_Daily_Audit'!$P$2:$P$1024,'Company_Daily_Audit'!$A$2:$A$1024,">="&E7,'Company_Daily_Audit'!$A$2:$A$1024,"<="&F7) | L7: =IFERROR(J7/K7-1,"") | M7: 1824554 | N7: 1849681 | O7: =SUMIFS('Company_Daily_Audit'!$M$2:$M$1024,'Company_Daily_Audit'!$A$2:$A$1024,">="&C7,'Company_Daily_Audit'!$A$2:$A$1024,"<="&D7) | P7: =SUMIFS('Company_Daily_Audit'!$M$2:$M$1024,'Company_Daily_Audit'!$A$2:$A$1024,">="&E7,'Company_Daily_Audit'!$A$2:$A$1024,"<="&F7) | Q7: =IFERROR(O7/P7-1,"") | R7: No share/outperformance/causality; delivery POS != market online
A8: 10/1~19 | B8: Total | C8: 46296 | D8: 46314 | E8: 45931 | F8: 45949 | G8: 19 | H8: 52183272557 | I8: 45044778693 | J8: =SUMIFS('Company_Daily_Audit'!$E$2:$E$1024,'Company_Daily_Audit'!$A$2:$A$1024,">="&C8,'Company_Daily_Audit'!$A$2:$A$1024,"<="&D8) | K8: =SUMIFS('Company_Daily_Audit'!$E$2:$E$1024,'Company_Daily_Audit'!$A$2:$A$1024,">="&E8,'Company_Daily_Audit'!$A$2:$A$1024,"<="&F8) | L8: =IFERROR(J8/K8-1,"") | M8: 2881379 | N8: 2540172 | O8: =SUMIFS('Company_Daily_Audit'!$F$2:$F$1024,'Company_Daily_Audit'!$A$2:$A$1024,">="&C8,'Company_Daily_Audit'!$A$2:$A$1024,"<="&D8) | P8: =SUMIFS('Company_Daily_Audit'!$F$2:$F$1024,'Company_Daily_Audit'!$A$2:$A$1024,">="&E8,'Company_Daily_Audit'!$A$2:$A$1024,"<="&F8) | Q8: =IFERROR(O8/P8-1,"") | R8: No share/outperformance/causality; delivery POS != market online
A9: 10/1~19 | B9: Delivery | C9: 46296 | D9: 46314 | E9: 45931 | F9: 45949 | G9: 19 | H9: 30820495105 | I9: 21859587577 | J9: =SUMIFS('Company_Daily_Audit'!$P$2:$P$1024,'Company_Daily_Audit'!$A$2:$A$1024,">="&C9,'Company_Daily_Audit'!$A$2:$A$1024,"<="&D9) | K9: =SUMIFS('Company_Daily_Audit'!$P$2:$P$1024,'Company_Daily_Audit'!$A$2:$A$1024,">="&E9,'Company_Daily_Audit'!$A$2:$A$1024,"<="&F9) | L9: =IFERROR(J9/K9-1,"") | M9: 1215630 | N9: 825107 | O9: =SUMIFS('Company_Daily_Audit'!$M$2:$M$1024,'Company_Daily_Audit'!$A$2:$A$1024,">="&C9,'Company_Daily_Audit'!$A$2:$A$1024,"<="&D9) | P9: =SUMIFS('Company_Daily_Audit'!$M$2:$M$1024,'Company_Daily_Audit'!$A$2:$A$1024,">="&E9,'Company_Daily_Audit'!$A$2:$A$1024,"<="&F9) | Q9: =IFERROR(O9/P9-1,"") | R9: No share/outperformance/causality; delivery POS != market online

Sheet QA
A1: Check | B1: Expected | C1: Observed | D1: Status | E1: Note
A2: Naver groups | B2: 51 | C2: 51 | D2: PASS | E2: Independent Python QA; Excel engine not run
A3: Naver daily rows | B3: 52173 | C3: 52173 | D3: PASS | E3: Trimmed through 2026-10-19; input model cut19 daily values
A4: Latest date | B4: TRUE | C4: TRUE | D4: PASS | E4: Independent Python QA; Excel engine not run
A5: October 19/31 | B5: TRUE | C5: TRUE | D5: PASS | E5: Independent Python QA; Excel engine not run
A6: Company daily | B6: 1023 | C6: 1023 | D6: PASS | E6: Independent Python QA; Excel engine not run
A7: Duplicate dates | B7: 0 | C7: 0 | D7: PASS | E7: Independent Python QA; Excel engine not run
A8: I recovery mismatch | B8: 0 | C8: 0 | D8: PASS | E8: Independent Python QA; Excel engine not run
A9: J recovery mismatch | B9: 0 | C9: 0 | D9: PASS | E9: Independent Python QA; Excel engine not run
A10: Residual days | B10: 1 | C10: 1 | D10: PASS | E10: Independent Python QA; Excel engine not run
A11: Residual date | B11: 2026-07-18 | C11: 2026-07-18 | D11: PASS | E11: Independent Python QA; Excel engine not run

Sheet Market_Official_Charts
A1: PPT페이지 | B1: 주제 | C1: 차트 | D1: 계열 | E1: 기간/대상 | F1: 공표/보존원값 | G1: 단위 | H1: 출처표기 | I1: 출처URL | J1: 검증
A2: 3 | B2: 온라인 음식주문 거래금액 | C2: C201 | D2: 2025년 | E2: 1월 | F2: 3.442943 | G2: 조원 | H2: 자료: 국가데이터처 KOSIS | 온라인쇼핑동향조사(상품군별 거래액) | I2: https://kosis.kr/statHtml/statHtml.do?orgId=101&tblId=DT_1KE10041&conn_path=I3 | J2: 기존검증시장원값보존;PPT네이티브차트캐시와동일
A3: 3 | B3: 온라인 음식주문 거래금액 | C3: C201 | D3: 2025년 | E3: 2월 | F3: 3.102506 | G3: 조원 | H3: 자료: 국가데이터처 KOSIS | 온라인쇼핑동향조사(상품군별 거래액) | I3: https://kosis.kr/statHtml/statHtml.do?orgId=101&tblId=DT_1KE10041&conn_path=I3 | J3: 기존검증시장원값보존;PPT네이티브차트캐시와동일
A4: 3 | B4: 온라인 음식주문 거래금액 | C4: C201 | D4: 2025년 | E4: 3월 | F4: 3.383354 | G4: 조원 | H4: 자료: 국가데이터처 KOSIS | 온라인쇼핑동향조사(상품군별 거래액) | I4: https://kosis.kr/statHtml/statHtml.do?orgId=101&tblId=DT_1KE10041&conn_path=I3 | J4: 기존검증시장원값보존;PPT네이티브차트캐시와동일
A5: 3 | B5: 온라인 음식주문 거래금액 | C5: C201 | D5: 2025년 | E5: 4월 | F5: 3.214391 | G5: 조원 | H5: 자료: 국가데이터처 KOSIS | 온라인쇼핑동향조사(상품군별 거래액) | I5: https://kosis.kr/statHtml/statHtml.do?orgId=101&tblId=DT_1KE10041&conn_path=I3 | J5: 기존검증시장원값보존;PPT네이티브차트캐시와동일
A6: 3 | B6: 온라인 음식주문 거래금액 | C6: C201 | D6: 2025년 | E6: 5월 | F6: 3.483328 | G6: 조원 | H6: 자료: 국가데이터처 KOSIS | 온라인쇼핑동향조사(상품군별 거래액) | I6: https://kosis.kr/statHtml/statHtml.do?orgId=101&tblId=DT_1KE10041&conn_path=I3 | J6: 기존검증시장원값보존;PPT네이티브차트캐시와동일
A7: 3 | B7: 온라인 음식주문 거래금액 | C7: C201 | D7: 2025년 | E7: 6월 | F7: 3.450321 | G7: 조원 | H7: 자료: 국가데이터처 KOSIS | 온라인쇼핑동향조사(상품군별 거래액) | I7: https://kosis.kr/statHtml/statHtml.do?orgId=101&tblId=DT_1KE10041&conn_path=I3 | J7: 기존검증시장원값보존;PPT네이티브차트캐시와동일
A8: 3 | B8: 온라인 음식주문 거래금액 | C8: C201 | D8: 2025년 | E8: 7월 | F8: 3.576551 | G8: 조원 | H8: 자료: 국가데이터처 KOSIS | 온라인쇼핑동향조사(상품군별 거래액) | I8: https://kosis.kr/statHtml/statHtml.do?orgId=101&tblId=DT_1KE10041&conn_path=I3 | J8: 기존검증시장원값보존;PPT네이티브차트캐시와동일
A9: 3 | B9: 온라인 음식주문 거래금액 | C9: C201 | D9: 2025년 | E9: 8월 | F9: 3.686368 | G9: 조원 | H9: 자료: 국가데이터처 KOSIS | 온라인쇼핑동향조사(상품군별 거래액) | I9: https://kosis.kr/statHtml/statHtml.do?orgId=101&tblId=DT_1KE10041&conn_path=I3 | J9: 기존검증시장원값보존;PPT네이티브차트캐시와동일
A10: 3 | B10: 온라인 음식주문 거래금액 | C10: C201 | D10: 2026년 | E10: 1월 | F10: 3.816134 | G10: 조원 | H10: 자료: 국가데이터처 KOSIS | 온라인쇼핑동향조사(상품군별 거래액) | I10: https://kosis.kr/statHtml/statHtml.do?orgId=101&tblId=DT_1KE10041&conn_path=I3 | J10: 기존검증시장원값보존;PPT네이티브차트캐시와동일
A11: 3 | B11: 온라인 음식주문 거래금액 | C11: C201 | D11: 2026년 | E11: 2월 | F11: 3.40669 | G11: 조원 | H11: 자료: 국가데이터처 KOSIS | 온라인쇼핑동향조사(상품군별 거래액) | I11: https://kosis.kr/statHtml/statHtml.do?orgId=101&tblId=DT_1KE10041&conn_path=I3 | J11: 기존검증시장원값보존;PPT네이티브차트캐시와동일
A12: 3 | B12: 온라인 음식주문 거래금액 | C12: C201 | D12: 2026년 | E12: 3월 | F12: 3.630668 | G12: 조원 | H12: 자료: 국가데이터처 KOSIS | 온라인쇼핑동향조사(상품군별 거래액) | I12: https://kosis.kr/statHtml/statHtml.do?orgId=101&tblId=DT_1KE10041&conn_path=I3 | J12: 기존검증시장원값보존;PPT네이티브차트캐시와동일
A13: 3 | B13: 온라인 음식주문 거래금액 | C13: C201 | D13: 2026년 | E13: 4월 | F13: 3.466198 | G13: 조원 | H13: 자료: 국가데이터처 KOSIS | 온라인쇼핑동향조사(상품군별 거래액) | I13: https://kosis.kr/statHtml/statHtml.do?orgId=101&tblId=DT_1KE10041&conn_path=I3 | J13: 기존검증시장원값보존;PPT네이티브차트캐시와동일
... A67: 6 | B67: 배달앱 이용자와 카드결제 규모 | C67: C212 | D67: 카드결제 추정액 | E67: 땡겨요 | F67: 194 | G67: 억원 | H67: 자료: 모바일인덱스 Data Forecast|2026.9 배달 | I67: https://data.igaworks.com/forecast/delivery | J67: 기존검증시장원값보존;PPT네이티브차트캐시와동일

Sheet Some_Display_9M
A1: ID | B1: 브랜드 | C1: 집계월 | D1: 언급원건수 | E1: 인스타그램 | F1: 블로그 | G1: 뉴스 | H1: 달력일수 | I1: 일평균(산식) | J1: 수집본출처URL
A2: SOME_1 | B2: 맘스터치 | C2: 2026-01 | D2: 6358 | E2: 1090 | F2: 5139 | G2: 129 | H2: 31 | I2: =D2/H2 | J2: https://some.co.kr/analysis/social/mention?keyword=%EB%A7%98%EC%8A%A4%ED%84%B0%EC%B9%98&startDate=20260101&endDate=20261020&sources=insta%2cblog%2cnews&excludeRT=false
A3: SOME_1 | B3: 맘스터치 | C3: 2026-02 | D3: 5246 | E3: 870 | F3: 4259 | G3: 117 | H3: 28 | I3: =D3/H3 | J3: https://some.co.kr/analysis/social/mention?keyword=%EB%A7%98%EC%8A%A4%ED%84%B0%EC%B9%98&startDate=20260101&endDate=20261020&sources=insta%2cblog%2cnews&excludeRT=false
A4: SOME_1 | B4: 맘스터치 | C4: 2026-03 | D4: 9045 | E4: 1150 | F4: 7773 | G4: 122 | H4: 31 | I4: =D4/H4 | J4: https://some.co.kr/analysis/social/mention?keyword=%EB%A7%98%EC%8A%A4%ED%84%B0%EC%B9%98&startDate=20260101&endDate=20261020&sources=insta%2cblog%2cnews&excludeRT=false
A5: SOME_1 | B5: 맘스터치 | C5: 2026-04 | D5: 10155 | E5: 1745 | F5: 8202 | G5: 208 | H5: 30 | I5: =D5/H5 | J5: https://some.co.kr/analysis/social/mention?keyword=%EB%A7%98%EC%8A%A4%ED%84%B0%EC%B9%98&startDate=20260101&endDate=20261020&sources=insta%2cblog%2cnews&excludeRT=false
A6: SOME_1 | B6: 맘스터치 | C6: 2026-05 | D6: 8063 | E6: 1364 | F6: 6610 | G6: 89 | H6: 31 | I6: =D6/H6 | J6: https://some.co.kr/analysis/social/mention?keyword=%EB%A7%98%EC%8A%A4%ED%84%B0%EC%B9%98&startDate=20260101&endDate=20261020&sources=insta%2cblog%2cnews&excludeRT=false
A7: SOME_1 | B7: 맘스터치 | C7: 2026-06 | D7: 10158 | E7: 1707 | F7: 8336 | G7: 115 | H7: 30 | I7: =D7/H7 | J7: https://some.co.kr/analysis/social/mention?keyword=%EB%A7%98%EC%8A%A4%ED%84%B0%EC%B9%98&startDate=20260101&endDate=20261020&sources=insta%2cblog%2cnews&excludeRT=false
A8: SOME_1 | B8: 맘스터치 | C8: 2026-07 | D8: 7949 | E8: 1014 | F8: 6826 | G8: 109 | H8: 31 | I8: =D8/H8 | J8: https://some.co.kr/analysis/social/mention?keyword=%EB%A7%98%EC%8A%A4%ED%84%B0%EC%B9%98&startDate=20260101&endDate=20261020&sources=insta%2cblog%2cnews&excludeRT=false
A9: SOME_1 | B9: 맘스터치 | C9: 2026-08 | D9: 7626 | E9: 984 | F9: 6492 | G9: 150 | H9: 31 | I9: =D9/H9 | J9: https://some.co.kr/analysis/social/mention?keyword=%EB%A7%98%EC%8A%A4%ED%84%B0%EC%B9%98&startDate=20260101&endDate=20261020&sources=insta%2cblog%2cnews&excludeRT=false
A10: SOME_1 | B10: 맘스터치 | C10: 2026-09 | D10: 11981 | E10: 1606 | F10: 10302 | G10: 73 | H10: 30 | I10: =D10/H10 | J10: https://some.co.kr/analysis/social/mention?keyword=%EB%A7%98%EC%8A%A4%ED%84%B0%EC%B9%98&startDate=20260101&endDate=20261020&sources=insta%2cblog%2cnews&excludeRT=false
A11: SOME_2 | B11: 롯데리아 | C11: 2026-01 | D11: 14175 | E11: 2104 | F11: 11882 | G11: 189 | H11: 31 | I11: =D11/H11 | J11: https://some.co.kr/analysis/social/mention?keyword=%EB%A1%AF%EB%8D%B0%EB%A6%AC%EC%95%84&startDate=20260101&endDate=20261020&sources=insta%2cblog%2cnews&excludeRT=false
A12: SOME_2 | B12: 롯데리아 | C12: 2026-02 | D12: 11634 | E12: 1626 | F12: 9799 | G12: 209 | H12: 28 | I12: =D12/H12 | J12: https://some.co.kr/analysis/social/mention?keyword=%EB%A1%AF%EB%8D%B0%EB%A6%AC%EC%95%84&startDate=20260101&endDate=20261020&sources=insta%2cblog%2cnews&excludeRT=false
A13: SOME_2 | B13: 롯데리아 | C13: 2026-03 | D13: 16620 | E13: 2395 | F13: 14102 | G13: 123 | H13: 31 | I13: =D13/H13 | J13: https://some.co.kr/analysis/social/mention?keyword=%EB%A1%AF%EB%8D%B0%EB%A6%AC%EC%95%84&startDate=20260101&endDate=20261020&sources=insta%2cblog%2cnews&excludeRT=false
... A100: SOME_11 | B100: 푸라닭 | C100: 2026-09 | D100: 1728 | E100: 207 | F100: 1509 | G100: 12 | H100: 30 | I100: =D100/H100 | J100: https://some.co.kr/analysis/social/mention?keyword=%ED%91%B8%EB%9D%BC%EB%8B%AD&startDate=20260101&endDate=20261020&sources=insta%2cblog%2cnews&excludeRT=false
